Óra;Elosztó;Mérési pont;Gázmérõ gyártási száma;Órai fogyasztás (m3);Órai fogyasztás típusa;Órai adat státusza;Órai fogyasztás (kWh)
2023.01.06 06:00:00;39X60TIGAZ00000B;39N1125800560006;K36950600005894;1551,680;K;V;16385,33500
2023.01.06 07:00:00;39X60TIGAZ00000B;39N1125800560006;K36950600005894;1634,310;K;V;17257,88600
2023.01.06 08:00:00;39X60TIGAZ00000B;39N1125800560006;K36950600005894;1780,540;K;V;18802,03700
2023.01.06 09:00:00;39X60TIGAZ00000B;39N1125800560006;K36950600005894;1595,640;K;V;16849,54100
2023.01.06 10:00:00;39X60TIGAZ00000B;39N1125800560006;K36950600005894;1739,230;K;V;18365,81400
2023.01.06 11:00:00;39X60TIGAZ00000B;39N1125800560006;K36950600005894;1388,510;K;V;14662,30200
2023.01.06 12:00:00;39X60TIGAZ00000B;39N1125800560006;K36950600005894;1592,519;K;V;16816,58400
2023.01.06 13:00:00;39X60TIGAZ00000B;39N1125800560006;K36950600005894;1800,870;K;V;19016,71600
2023.01.06 14:00:00;39X60TIGAZ00000B;39N1125800560006;K36950600005894;1408,850;K;V;14877,08700
2023.01.06 15:00:00;39X60TIGAZ00000B;39N1125800560006;K36950600005894;1346,570;K;V;14219,42700
2023.01.06 16:00:00;39X60TIGAZ00000B;39N1125800560006;K36950600005894;1368,130;K;V;14447,09500
2023.01.06 17:00:00;39X60TIGAZ00000B;39N1125800560006;K36950600005894;1244,710;K;V;13143,81200
2023.01.06 18:00:00;39X60TIGAZ00000B;39N1125800560006;K36950600005894;1245,090;K;V;13147,82500
2023.01.06 19:00:00;39X60TIGAZ00000B;39N1125800560006;K36950600005894;1389,340;K;V;14671,06700
2023.01.06 20:00:00;39X60TIGAZ00000B;39N1125800560006;K36950600005894;1245,420;K;V;13151,30900
2023.01.06 21:00:00;39X60TIGAZ00000B;39N1125800560006;K36950600005894;1348,280;K;V;14237,48400
2023.01.06 22:00:00;39X60TIGAZ00000B;39N1125800560006;K36950600005894;1244,590;K;V;13142,54500
2023.01.06 23:00:00;39X60TIGAZ00000B;39N1125800560006;K36950600005894;1327,220;K;V;14015,09600
2023.01.07 00:00:00;39X60TIGAZ00000B;39N1125800560006;K36950600005894;1285,120;K;V;13570,53100
2023.01.07 01:00:00;39X60TIGAZ00000B;39N1125800560006;K36950600005894;1388,450;K;V;14661,66900
2023.01.07 02:00:00;39X60TIGAZ00000B;39N1125800560006;K36950600005894;1408,310;K;V;14871,38500
2023.01.07 03:00:00;39X60TIGAZ00000B;39N1125800560006;K36950600005894;1161,140;K;V;12261,33500
2023.01.07 04:00:00;39X60TIGAZ00000B;39N1125800560006;K36950600005894;1202,080;K;V;12693,65000
2023.01.07 05:00:00;39X60TIGAZ00000B;39N1125800560006;K36950600005894;1243,900;K;V;13135,25900
2023.01.06 06:00:00;39X60TIGAZ00000B;39N1125800560006;K36950600006769;1717,082;K;V;18131,93700
2023.01.06 07:00:00;39X60TIGAZ00000B;39N1125800560006;K36950600006769;1715,638;K;V;18116,68800
2023.01.06 08:00:00;39X60TIGAZ00000B;39N1125800560006;K36950600006769;1736,977;K;V;18342,02300
2023.01.06 09:00:00;39X60TIGAZ00000B;39N1125800560006;K36950600006769;1715,585;K;V;18116,12900
2023.01.06 10:00:00;39X60TIGAZ00000B;39N1125800560006;K36950600006769;1696,664;K;V;17916,32800
2023.01.06 11:00:00;39X60TIGAZ00000B;39N1125800560006;K36950600006769;1679,513;K;V;17735,21800
2023.01.06 12:00:00;39X60TIGAZ00000B;39N1125800560006;K36950600006769;1658,139;K;V;17509,51400
2023.01.06 13:00:00;39X60TIGAZ00000B;39N1125800560006;K36950600006769;1679,936;K;V;17739,68500
2023.01.06 14:00:00;39X60TIGAZ00000B;39N1125800560006;K36950600006769;1678,605;K;V;17725,63000
2023.01.06 15:00:00;39X60TIGAZ00000B;39N1125800560006;K36950600006769;1678,016;K;V;17719,41000
2023.01.06 16:00:00;39X60TIGAZ00000B;39N1125800560006;K36950600006769;1693,926;K;V;17887,41500
2023.01.06 17:00:00;39X60TIGAZ00000B;39N1125800560006;K36950600006769;1716,556;K;V;18126,38200
2023.01.06 18:00:00;39X60TIGAZ00000B;39N1125800560006;K36950600006769;1694,796;K;V;17896,60200
2023.01.06 19:00:00;39X60TIGAZ00000B;39N1125800560006;K36950600006769;1716,823;K;V;18129,20200
2023.01.06 20:00:00;39X60TIGAZ00000B;39N1125800560006;K36950600006769;1696,735;K;V;17917,07800
2023.01.06 21:00:00;39X60TIGAZ00000B;39N1125800560006;K36950600006769;1698,327;K;V;17933,88900
2023.01.06 22:00:00;39X60TIGAZ00000B;39N1125800560006;K36950600006769;1721,839;K;V;18182,16900
2023.01.06 23:00:00;39X60TIGAZ00000B;39N1125800560006;K36950600006769;1681,102;K;V;17751,99700
2023.01.07 00:00:00;39X60TIGAZ00000B;39N1125800560006;K36950600006769;1703,619;K;V;17989,77100
2023.01.07 01:00:00;39X60TIGAZ00000B;39N1125800560006;K36950600006769;1702,801;K;V;17981,13300
2023.01.07 02:00:00;39X60TIGAZ00000B;39N1125800560006;K36950600006769;1702,513;K;V;17978,09200
2023.01.07 03:00:00;39X60TIGAZ00000B;39N1125800560006;K36950600006769;1702,843;K;V;17981,57700
2023.01.07 04:00:00;39X60TIGAZ00000B;39N1125800560006;K36950600006769;1703,306;K;V;17986,46600
2023.01.07 05:00:00;39X60TIGAZ00000B;39N1125800560006;K36950600006769;1702,341;K;V;17976,27600
2023.01.06 06:00:00;39X60TIGAZ00000B;39N112580169000F;K46950600006747;308,694;K;V;3259,72800
2023.01.06 07:00:00;39X60TIGAZ00000B;39N112580169000F;K46950600006747;336,650;K;V;3554,93600
2023.01.06 08:00:00;39X60TIGAZ00000B;39N112580169000F;K46950600006747;329,438;K;V;3478,77900
2023.01.06 09:00:00;39X60TIGAZ00000B;39N112580169000F;K46950600006747;442,192;K;V;4669,43200
2023.01.06 10:00:00;39X60TIGAZ00000B;39N112580169000F;K46950600006747;426,414;K;V;4502,82000
2023.01.06 11:00:00;39X60TIGAZ00000B;39N112580169000F;K46950600006747;420,314;K;V;4438,40600
2023.01.06 12:00:00;39X60TIGAZ00000B;39N112580169000F;K46950600006747;374,528;K;V;3954,91800
2023.01.06 13:00:00;39X60TIGAZ00000B;39N112580169000F;K46950600006747;391,489;K;V;4134,02100
2023.01.06 14:00:00;39X60TIGAZ00000B;39N112580169000F;K46950600006747;376,683;K;V;3977,67400
2023.01.06 15:00:00;39X60TIGAZ00000B;39N112580169000F;K46950600006747;403,529;K;V;4261,16100
2023.01.06 16:00:00;39X60TIGAZ00000B;39N112580169000F;K46950600006747;408,111;K;V;4309,54500
2023.01.06 17:00:00;39X60TIGAZ00000B;39N112580169000F;K46950600006747;405,971;K;V;4286,94800
2023.01.06 18:00:00;39X60TIGAZ00000B;39N112580169000F;K46950600006747;397,835;K;V;4201,03400
2023.01.06 19:00:00;39X60TIGAZ00000B;39N112580169000F;K46950600006747;427,280;K;V;4511,96500
2023.01.06 20:00:00;39X60TIGAZ00000B;39N112580169000F;K46950600006747;460,378;K;V;4861,47100
2023.01.06 21:00:00;39X60TIGAZ00000B;39N112580169000F;K46950600006747;469,623;K;V;4959,09600
2023.01.06 22:00:00;39X60TIGAZ00000B;39N112580169000F;K46950600006747;431,295;K;V;4554,36200
2023.01.06 23:00:00;39X60TIGAZ00000B;39N112580169000F;K46950600006747;423,671;K;V;4473,85500
2023.01.07 00:00:00;39X60TIGAZ00000B;39N112580169000F;K46950600006747;442,405;K;V;4671,68100
2023.01.07 01:00:00;39X60TIGAZ00000B;39N112580169000F;K46950600006747;305,776;K;V;3228,91500
2023.01.07 02:00:00;39X60TIGAZ00000B;39N112580169000F;K46950600006747;255,236;K;V;2695,22500
2023.01.07 03:00:00;39X60TIGAZ00000B;39N112580169000F;K46950600006747;293,439;K;V;3098,63900
2023.01.07 04:00:00;39X60TIGAZ00000B;39N112580169000F;K46950600006747;294,531;K;V;3110,17000
2023.01.07 05:00:00;39X60TIGAZ00000B;39N112580169000F;K46950600006747;290,658;K;V;3069,27200
2023.01.06 06:00:00;39X60TIGAZ00000B;39N112580240000S;K26950900007057;326,906;K;V;3557,89300
2023.01.06 07:00:00;39X60TIGAZ00000B;39N112580240000S;K26950900007057;361,532;K;V;3934,74600
2023.01.06 08:00:00;39X60TIGAZ00000B;39N112580240000S;K26950900007057;396,154;K;V;4311,55500
2023.01.06 09:00:00;39X60TIGAZ00000B;39N112580240000S;K26950900007057;384,430;K;V;4183,95700
2023.01.06 10:00:00;39X60TIGAZ00000B;39N112580240000S;K26950900007057;487,282;K;V;5303,35000
2023.01.06 11:00:00;39X60TIGAZ00000B;39N112580240000S;K26950900007057;453,227;K;V;4932,71100
2023.01.06 12:00:00;39X60TIGAZ00000B;39N112580240000S;K26950900007057;436,248;K;V;4747,92000
2023.01.06 13:00:00;39X60TIGAZ00000B;39N112580240000S;K26950900007057;401,697;K;V;4371,88300
2023.01.06 14:00:00;39X60TIGAZ00000B;39N112580240000S;K26950900007057;354,718;K;V;3860,58500
2023.01.06 15:00:00;39X60TIGAZ00000B;39N112580240000S;K26950900007057;367,262;K;V;3997,10800
2023.01.06 16:00:00;39X60TIGAZ00000B;39N112580240000S;K26950900007057;381,076;K;V;4147,45400
2023.01.06 17:00:00;39X60TIGAZ00000B;39N112580240000S;K26950900007057;278,727;K;V;3033,53500
2023.01.06 18:00:00;39X60TIGAZ00000B;39N112580240000S;K26950900007057;287,451;K;V;3128,48300
2023.01.06 19:00:00;39X60TIGAZ00000B;39N112580240000S;K26950900007057;271,872;K;V;2958,92800
2023.01.06 20:00:00;39X60TIGAZ00000B;39N112580240000S;K26950900007057;266,818;K;V;2903,92300
2023.01.06 21:00:00;39X60TIGAZ00000B;39N112580240000S;K26950900007057;313,617;K;V;3413,26100
2023.01.06 22:00:00;39X60TIGAZ00000B;39N112580240000S;K26950900007057;339,448;K;V;3694,39400
2023.01.06 23:00:00;39X60TIGAZ00000B;39N112580240000S;K26950900007057;309,976;K;V;3373,63400
2023.01.07 00:00:00;39X60TIGAZ00000B;39N112580240000S;K26950900007057;356,567;K;V;3880,70900
2023.01.07 01:00:00;39X60TIGAZ00000B;39N112580240000S;K26950900007057;337,853;K;V;3677,03500
2023.01.07 02:00:00;39X60TIGAZ00000B;39N112580240000S;K26950900007057;404,623;K;V;4403,72800
2023.01.07 03:00:00;39X60TIGAZ00000B;39N112580240000S;K26950900007057;466,718;K;V;5079,54100
2023.01.07 04:00:00;39X60TIGAZ00000B;39N112580240000S;K26950900007057;354,826;K;V;3861,76100
2023.01.07 05:00:00;39X60TIGAZ00000B;39N112580240000S;K26950900007057;366,842;K;V;3992,53700
2023.01.06 06:00:00;39X60TIGAZ00000B;39N1125802530007;K36950600006219;243,300;K;V;2623,03700
2023.01.06 07:00:00;39X60TIGAZ00000B;39N1125802530007;K36950600006219;247,242;K;V;2665,53600
2023.01.06 08:00:00;39X60TIGAZ00000B;39N1125802530007;K36950600006219;251,497;K;V;2711,41000
2023.01.06 09:00:00;39X60TIGAZ00000B;39N1125802530007;K36950600006219;259,930;K;V;2802,32700
2023.01.06 10:00:00;39X60TIGAZ00000B;39N1125802530007;K36950600006219;255,279;K;V;2752,18400
2023.01.06 11:00:00;39X60TIGAZ00000B;39N1125802530007;K36950600006219;231,117;K;V;2491,69100
2023.01.06 12:00:00;39X60TIGAZ00000B;39N1125802530007;K36950600006219;245,015;K;V;2641,52700
2023.01.06 13:00:00;39X60TIGAZ00000B;39N1125802530007;K36950600006219;259,728;K;V;2800,14900
2023.01.06 14:00:00;39X60TIGAZ00000B;39N1125802530007;K36950600006219;216,001;K;V;2328,72500
2023.01.06 15:00:00;39X60TIGAZ00000B;39N1125802530007;K36950600006219;247,765;K;V;2671,17500
2023.01.06 16:00:00;39X60TIGAZ00000B;39N1125802530007;K36950600006219;249,295;K;V;2687,67000
2023.01.06 17:00:00;39X60TIGAZ00000B;39N1125802530007;K36950600006219;297,809;K;V;3210,70300
2023.01.06 18:00:00;39X60TIGAZ00000B;39N1125802530007;K36950600006219;291,424;K;V;3141,86600
2023.01.06 19:00:00;39X60TIGAZ00000B;39N1125802530007;K36950600006219;278,764;K;V;3005,37800
2023.01.06 20:00:00;39X60TIGAZ00000B;39N1125802530007;K36950600006219;270,151;K;V;2912,52000
2023.01.06 21:00:00;39X60TIGAZ00000B;39N1125802530007;K36950600006219;300,063;K;V;3235,00400
2023.01.06 22:00:00;39X60TIGAZ00000B;39N1125802530007;K36950600006219;260,708;K;V;2810,71400
2023.01.06 23:00:00;39X60TIGAZ00000B;39N1125802530007;K36950600006219;275,708;K;V;2972,43100
2023.01.07 00:00:00;39X60TIGAZ00000B;39N1125802530007;K36950600006219;274,683;K;V;2961,38000
2023.01.07 01:00:00;39X60TIGAZ00000B;39N1125802530007;K36950600006219;267,480;K;V;2883,72400
2023.01.07 02:00:00;39X60TIGAZ00000B;39N1125802530007;K36950600006219;230,515;K;V;2485,20100
2023.01.07 03:00:00;39X60TIGAZ00000B;39N1125802530007;K36950600006219;259,941;K;V;2802,44500
2023.01.07 04:00:00;39X60TIGAZ00000B;39N1125802530007;K36950600006219;254,249;K;V;2741,07900
2023.01.07 05:00:00;39X60TIGAZ00000B;39N1125802530007;K36950600006219;254,249;K;P;2741,07900
2023.01.06 06:00:00;39X60TIGAZ00000B;39N1125802530007;K1B231810482263;9,534;K;V;102,78700
2023.01.06 07:00:00;39X60TIGAZ00000B;39N1125802530007;K1B231810482263;6,462;K;V;69,66700
2023.01.06 08:00:00;39X60TIGAZ00000B;39N1125802530007;K1B231810482263;5,615;K;V;60,53600
2023.01.06 09:00:00;39X60TIGAZ00000B;39N1125802530007;K1B231810482263;2,437;K;V;26,27300
2023.01.06 10:00:00;39X60TIGAZ00000B;39N1125802530007;K1B231810482263;2,331;K;V;25,13100
2023.01.06 11:00:00;39X60TIGAZ00000B;39N1125802530007;K1B231810482263;2,966;K;V;31,97700
2023.01.06 12:00:00;39X60TIGAZ00000B;39N1125802530007;K1B231810482263;2,437;K;V;26,27300
2023.01.06 13:00:00;39X60TIGAZ00000B;39N1125802530007;K1B231810482263;0,742;K;V;8,00000
2023.01.06 14:00:00;39X60TIGAZ00000B;39N1125802530007;K1B231810482263;0,424;K;V;4,57100
2023.01.06 15:00:00;39X60TIGAZ00000B;39N1125802530007;K1B231810482263;0,424;K;V;4,57100
2023.01.06 16:00:00;39X60TIGAZ00000B;39N1125802530007;K1B231810482263;0,636;K;V;6,85700
2023.01.06 17:00:00;39X60TIGAZ00000B;39N1125802530007;K1B231810482263;1,483;K;V;15,98800
2023.01.06 18:00:00;39X60TIGAZ00000B;39N1125802530007;K1B231810482263;2,754;K;V;29,69100
2023.01.06 19:00:00;39X60TIGAZ00000B;39N1125802530007;K1B231810482263;1,059;K;V;11,41700
2023.01.06 20:00:00;39X60TIGAZ00000B;39N1125802530007;K1B231810482263;1,059;K;V;11,41700
2023.01.06 21:00:00;39X60TIGAZ00000B;39N1125802530007;K1B231810482263;0,636;K;V;6,85700
2023.01.06 22:00:00;39X60TIGAZ00000B;39N1125802530007;K1B231810482263;1,695;K;V;18,27400
2023.01.06 23:00:00;39X60TIGAZ00000B;39N1125802530007;K1B231810482263;1,801;K;V;19,41700
2023.01.07 00:00:00;39X60TIGAZ00000B;39N1125802530007;K1B231810482263;1,856;K;V;20,01000
2023.01.07 01:00:00;39X60TIGAZ00000B;39N1125802530007;K1B231810482263;1,419;K;V;15,29800
2023.01.07 02:00:00;39X60TIGAZ00000B;39N1125802530007;K1B231810482263;0,764;K;V;8,23700
2023.01.07 03:00:00;39X60TIGAZ00000B;39N1125802530007;K1B231810482263;0,982;K;V;10,58700
2023.01.07 04:00:00;39X60TIGAZ00000B;39N1125802530007;K1B231810482263;1,092;K;V;11,77300
2023.01.07 05:00:00;39X60TIGAZ00000B;39N1125802530007;K1B231810482263;1,419;K;V;15,29800
2023.01.06 06:00:00;39X60TIGAZ00000B;39N1125802540002;K16951401339710;222,740;K;V;2336,98400
2023.01.06 07:00:00;39X60TIGAZ00000B;39N1125802540002;K16951401339710;198,722;K;V;2084,98800
2023.01.06 08:00:00;39X60TIGAZ00000B;39N1125802540002;K16951401339710;166,506;K;V;1746,97800
2023.01.06 09:00:00;39X60TIGAZ00000B;39N1125802540002;K16951401339710;117,542;K;V;1233,24900
2023.01.06 10:00:00;39X60TIGAZ00000B;39N1125802540002;K16951401339710;93,176;K;V;977,60100
2023.01.06 11:00:00;39X60TIGAZ00000B;39N1125802540002;K16951401339710;85,031;K;V;892,14400
2023.01.06 12:00:00;39X60TIGAZ00000B;39N1125802540002;K16951401339710;76,945;K;V;807,30600
2023.01.06 13:00:00;39X60TIGAZ00000B;39N1125802540002;K16951401339710;72,849;K;V;764,33000
2023.01.06 14:00:00;39X60TIGAZ00000B;39N1125802540002;K16951401339710;77,109;K;V;809,02600
2023.01.06 15:00:00;39X60TIGAZ00000B;39N1125802540002;K16951401339710;97,669;K;V;1024,74100
2023.01.06 16:00:00;39X60TIGAZ00000B;39N1125802540002;K16951401339710;109,736;K;V;1151,34800
2023.01.06 17:00:00;39X60TIGAZ00000B;39N1125802540002;K16951401339710;299,717;K;V;3144,62600
2023.01.06 18:00:00;39X60TIGAZ00000B;39N1125802540002;K16951401339710;190,900;K;V;2002,92000
2023.01.06 19:00:00;39X60TIGAZ00000B;39N1125802540002;K16951401339710;105,767;K;V;1109,70600
2023.01.06 20:00:00;39X60TIGAZ00000B;39N1125802540002;K16951401339710;134,141;K;V;1407,40500
2023.01.06 21:00:00;39X60TIGAZ00000B;39N1125802540002;K16951401339710;154,301;K;V;1618,92300
2023.01.06 22:00:00;39X60TIGAZ00000B;39N1125802540002;K16951401339710;121,971;K;V;1279,71800
2023.01.06 23:00:00;39X60TIGAZ00000B;39N1125802540002;K16951401339710;142,765;K;V;1497,88800
2023.01.07 00:00:00;39X60TIGAZ00000B;39N1125802540002;K16951401339710;158,559;K;V;1663,59800
2023.01.07 01:00:00;39X60TIGAZ00000B;39N1125802540002;K16951401339710;150,478;K;V;1578,81300
2023.01.07 02:00:00;39X60TIGAZ00000B;39N1125802540002;K16951401339710;166,893;K;V;1751,03800
2023.01.07 03:00:00;39X60TIGAZ00000B;39N1125802540002;K16951401339710;195,074;K;V;2046,71300
2023.01.07 04:00:00;39X60TIGAZ00000B;39N1125802540002;K16951401339710;158,754;K;V;1665,64400
2023.01.07 05:00:00;39X60TIGAZ00000B;39N1125802540002;K16951401339710;183,093;K;V;1921,00900
2023.01.06 06:00:00;39X60TIGAZ00000B;39N112580821000U;K1E210805256299;1,066;K;V;11,59300
2023.01.06 07:00:00;39X60TIGAZ00000B;39N112580821000U;K1E210805256299;1,172;K;V;12,74600
2023.01.06 08:00:00;39X60TIGAZ00000B;39N112580821000U;K1E210805256299;0,959;K;V;10,43000
2023.01.06 09:00:00;39X60TIGAZ00000B;39N112580821000U;K1E210805256299;1,066;K;V;11,59300
2023.01.06 10:00:00;39X60TIGAZ00000B;39N112580821000U;K1E210805256299;1,066;K;V;11,59300
2023.01.06 11:00:00;39X60TIGAZ00000B;39N112580821000U;K1E210805256299;1,172;K;V;12,74600
2023.01.06 12:00:00;39X60TIGAZ00000B;39N112580821000U;K1E210805256299;1,066;K;V;11,59300
2023.01.06 13:00:00;39X60TIGAZ00000B;39N112580821000U;K1E210805256299;1,172;K;V;12,74600
2023.01.06 14:00:00;39X60TIGAZ00000B;39N112580821000U;K1E210805256299;1,066;K;V;11,59300
2023.01.06 15:00:00;39X60TIGAZ00000B;39N112580821000U;K1E210805256299;1,066;K;V;11,59300
2023.01.06 16:00:00;39X60TIGAZ00000B;39N112580821000U;K1E210805256299;1,066;K;V;11,59300
2023.01.06 17:00:00;39X60TIGAZ00000B;39N112580821000U;K1E210805256299;1,172;K;V;12,74600
2023.01.06 18:00:00;39X60TIGAZ00000B;39N112580821000U;K1E210805256299;1,066;K;V;11,59300
2023.01.06 19:00:00;39X60TIGAZ00000B;39N112580821000U;K1E210805256299;1,066;K;V;11,59300
2023.01.06 20:00:00;39X60TIGAZ00000B;39N112580821000U;K1E210805256299;1,172;K;V;12,74600
2023.01.06 21:00:00;39X60TIGAZ00000B;39N112580821000U;K1E210805256299;1,172;K;V;12,74600
2023.01.06 22:00:00;39X60TIGAZ00000B;39N112580821000U;K1E210805256299;1,066;K;V;11,59300
2023.01.06 23:00:00;39X60TIGAZ00000B;39N112580821000U;K1E210805256299;1,066;K;V;11,59300
2023.01.07 00:00:00;39X60TIGAZ00000B;39N112580821000U;K1E210805256299;1,206;K;V;13,11600
2023.01.07 01:00:00;39X60TIGAZ00000B;39N112580821000U;K1E210805256299;1,206;K;V;13,11600
2023.01.07 02:00:00;39X60TIGAZ00000B;39N112580821000U;K1E210805256299;1,097;K;V;11,93000
2023.01.07 03:00:00;39X60TIGAZ00000B;39N112580821000U;K1E210805256299;1,097;K;V;11,93000
2023.01.07 04:00:00;39X60TIGAZ00000B;39N112580821000U;K1E210805256299;1,206;K;V;13,11600
2023.01.07 05:00:00;39X60TIGAZ00000B;39N112580821000U;K1E210805256299;1,206;K;V;13,11600
2023.01.06 06:00:00;39X60TIGAZ00000B;39N112580821000U;K36950400000417;0,000;K;V;0,00000
2023.01.06 07:00:00;39X60TIGAZ00000B;39N112580821000U;K36950400000417;0,000;K;V;0,00000
2023.01.06 08:00:00;39X60TIGAZ00000B;39N112580821000U;K36950400000417;0,000;K;V;0,00000
2023.01.06 09:00:00;39X60TIGAZ00000B;39N112580821000U;K36950400000417;0,000;K;V;0,00000
2023.01.06 10:00:00;39X60TIGAZ00000B;39N112580821000U;K36950400000417;0,000;K;V;0,00000
2023.01.06 11:00:00;39X60TIGAZ00000B;39N112580821000U;K36950400000417;0,000;K;V;0,00000
2023.01.06 12:00:00;39X60TIGAZ00000B;39N112580821000U;K36950400000417;0,000;K;V;0,00000
2023.01.06 13:00:00;39X60TIGAZ00000B;39N112580821000U;K36950400000417;0,000;K;V;0,00000
2023.01.06 14:00:00;39X60TIGAZ00000B;39N112580821000U;K36950400000417;0,000;K;V;0,00000
2023.01.06 15:00:00;39X60TIGAZ00000B;39N112580821000U;K36950400000417;0,000;K;V;0,00000
2023.01.06 16:00:00;39X60TIGAZ00000B;39N112580821000U;K36950400000417;0,000;K;V;0,00000
2023.01.06 17:00:00;39X60TIGAZ00000B;39N112580821000U;K36950400000417;0,000;K;V;0,00000
2023.01.06 18:00:00;39X60TIGAZ00000B;39N112580821000U;K36950400000417;0,000;K;V;0,00000
2023.01.06 19:00:00;39X60TIGAZ00000B;39N112580821000U;K36950400000417;0,000;K;V;0,00000
2023.01.06 20:00:00;39X60TIGAZ00000B;39N112580821000U;K36950400000417;0,000;K;V;0,00000
2023.01.06 21:00:00;39X60TIGAZ00000B;39N112580821000U;K36950400000417;0,000;K;V;0,00000
2023.01.06 22:00:00;39X60TIGAZ00000B;39N112580821000U;K36950400000417;0,000;K;V;0,00000
2023.01.06 23:00:00;39X60TIGAZ00000B;39N112580821000U;K36950400000417;0,000;K;V;0,00000
2023.01.07 00:00:00;39X60TIGAZ00000B;39N112580821000U;K36950400000417;0,000;K;V;0,00000
2023.01.07 01:00:00;39X60TIGAZ00000B;39N112580821000U;K36950400000417;0,000;K;V;0,00000
2023.01.07 02:00:00;39X60TIGAZ00000B;39N112580821000U;K36950400000417;0,000;K;V;0,00000
2023.01.07 03:00:00;39X60TIGAZ00000B;39N112580821000U;K36950400000417;0,000;K;V;0,00000
2023.01.07 04:00:00;39X60TIGAZ00000B;39N112580821000U;K36950400000417;0,000;K;V;0,00000
2023.01.07 05:00:00;39X60TIGAZ00000B;39N112580821000U;K36950400000417;0,000;K;V;0,00000
2023.01.06 06:00:00;39X60TIGAZ00000B;39N112580821000U;K46950400001549;0,000;K;V;0,00000
2023.01.06 07:00:00;39X60TIGAZ00000B;39N112580821000U;K46950400001549;0,000;K;V;0,00000
2023.01.06 08:00:00;39X60TIGAZ00000B;39N112580821000U;K46950400001549;0,000;K;V;0,00000
2023.01.06 09:00:00;39X60TIGAZ00000B;39N112580821000U;K46950400001549;0,000;K;V;0,00000
2023.01.06 10:00:00;39X60TIGAZ00000B;39N112580821000U;K46950400001549;0,000;K;V;0,00000
2023.01.06 11:00:00;39X60TIGAZ00000B;39N112580821000U;K46950400001549;0,000;K;V;0,00000
2023.01.06 12:00:00;39X60TIGAZ00000B;39N112580821000U;K46950400001549;0,000;K;V;0,00000
2023.01.06 13:00:00;39X60TIGAZ00000B;39N112580821000U;K46950400001549;0,000;K;V;0,00000
2023.01.06 14:00:00;39X60TIGAZ00000B;39N112580821000U;K46950400001549;0,000;K;V;0,00000
2023.01.06 15:00:00;39X60TIGAZ00000B;39N112580821000U;K46950400001549;0,000;K;V;0,00000
2023.01.06 16:00:00;39X60TIGAZ00000B;39N112580821000U;K46950400001549;0,000;K;V;0,00000
2023.01.06 17:00:00;39X60TIGAZ00000B;39N112580821000U;K46950400001549;0,000;K;V;0,00000
2023.01.06 18:00:00;39X60TIGAZ00000B;39N112580821000U;K46950400001549;0,000;K;V;0,00000
2023.01.06 19:00:00;39X60TIGAZ00000B;39N112580821000U;K46950400001549;0,000;K;V;0,00000
2023.01.06 20:00:00;39X60TIGAZ00000B;39N112580821000U;K46950400001549;0,000;K;V;0,00000
2023.01.06 21:00:00;39X60TIGAZ00000B;39N112580821000U;K46950400001549;0,000;K;V;0,00000
2023.01.06 22:00:00;39X60TIGAZ00000B;39N112580821000U;K46950400001549;0,000;K;V;0,00000
2023.01.06 23:00:00;39X60TIGAZ00000B;39N112580821000U;K46950400001549;0,000;K;V;0,00000
2023.01.07 00:00:00;39X60TIGAZ00000B;39N112580821000U;K46950400001549;0,000;K;V;0,00000
2023.01.07 01:00:00;39X60TIGAZ00000B;39N112580821000U;K46950400001549;0,000;K;V;0,00000
2023.01.07 02:00:00;39X60TIGAZ00000B;39N112580821000U;K46950400001549;0,000;K;V;0,00000
2023.01.07 03:00:00;39X60TIGAZ00000B;39N112580821000U;K46950400001549;0,000;K;V;0,00000
2023.01.07 04:00:00;39X60TIGAZ00000B;39N112580821000U;K46950400001549;0,000;K;V;0,00000
2023.01.07 05:00:00;39X60TIGAZ00000B;39N112580821000U;K46950400001549;0,000;K;V;0,00000
2023.01.06 06:00:00;39X60TIGAZ00000B;39N112580821000U;K1E281610428997;3,119;K;V;33,92100
2023.01.06 07:00:00;39X60TIGAZ00000B;39N112580821000U;K1E281610428997;2,784;K;V;30,27700
2023.01.06 08:00:00;39X60TIGAZ00000B;39N112580821000U;K1E281610428997;2,450;K;V;26,64500
2023.01.06 09:00:00;39X60TIGAZ00000B;39N112580821000U;K1E281610428997;3,007;K;V;32,70300
2023.01.06 10:00:00;39X60TIGAZ00000B;39N112580821000U;K1E281610428997;3,007;K;V;32,70300
2023.01.06 11:00:00;39X60TIGAZ00000B;39N112580821000U;K1E281610428997;2,339;K;V;25,43800
2023.01.06 12:00:00;39X60TIGAZ00000B;39N112580821000U;K1E281610428997;3,119;K;V;33,92100
2023.01.06 13:00:00;39X60TIGAZ00000B;39N112580821000U;K1E281610428997;3,007;K;V;32,70300
2023.01.06 14:00:00;39X60TIGAZ00000B;39N112580821000U;K1E281610428997;2,228;K;V;24,23100
2023.01.06 15:00:00;39X60TIGAZ00000B;39N112580821000U;K1E281610428997;2,896;K;V;31,49600
2023.01.06 16:00:00;39X60TIGAZ00000B;39N112580821000U;K1E281610428997;2,896;K;V;31,49600
2023.01.06 17:00:00;39X60TIGAZ00000B;39N112580821000U;K1E281610428997;2,339;K;V;25,43800
2023.01.06 18:00:00;39X60TIGAZ00000B;39N112580821000U;K1E281610428997;2,896;K;V;31,49600
2023.01.06 19:00:00;39X60TIGAZ00000B;39N112580821000U;K1E281610428997;2,784;K;V;30,27700
2023.01.06 20:00:00;39X60TIGAZ00000B;39N112580821000U;K1E281610428997;2,450;K;V;26,64500
2023.01.06 21:00:00;39X60TIGAZ00000B;39N112580821000U;K1E281610428997;2,896;K;V;31,49600
2023.01.06 22:00:00;39X60TIGAZ00000B;39N112580821000U;K1E281610428997;3,007;K;V;32,70300
2023.01.06 23:00:00;39X60TIGAZ00000B;39N112580821000U;K1E281610428997;2,228;K;V;24,23100
2023.01.07 00:00:00;39X60TIGAZ00000B;39N112580821000U;K1E281610428997;3,095;K;V;33,66000
2023.01.07 01:00:00;39X60TIGAZ00000B;39N112580821000U;K1E281610428997;2,980;K;V;32,40900
2023.01.07 02:00:00;39X60TIGAZ00000B;39N112580821000U;K1E281610428997;2,407;K;V;26,17700
2023.01.07 03:00:00;39X60TIGAZ00000B;39N112580821000U;K1E281610428997;2,980;K;V;32,40900
2023.01.07 04:00:00;39X60TIGAZ00000B;39N112580821000U;K1E281610428997;3,095;K;V;33,66000
2023.01.07 05:00:00;39X60TIGAZ00000B;39N112580821000U;K1E281610428997;2,521;K;V;27,41700
2023.01.06 06:00:00;39X60TIGAZ00000B;39N112581518000E;K26951100569600;248,579;K;V;2667,02000
2023.01.06 07:00:00;39X60TIGAZ00000B;39N112581518000E;K26951100569600;209,517;K;V;2247,92200
2023.01.06 08:00:00;39X60TIGAZ00000B;39N112581518000E;K26951100569600;210,649;K;V;2260,06700
2023.01.06 09:00:00;39X60TIGAZ00000B;39N112581518000E;K26951100569600;243,255;K;V;2609,89900
2023.01.06 10:00:00;39X60TIGAZ00000B;39N112581518000E;K26951100569600;237,222;K;V;2545,17000
2023.01.06 11:00:00;39X60TIGAZ00000B;39N112581518000E;K26951100569600;263,143;K;V;2823,27800
2023.01.06 12:00:00;39X60TIGAZ00000B;39N112581518000E;K26951100569600;194,192;K;V;2083,49900
2023.01.06 13:00:00;39X60TIGAZ00000B;39N112581518000E;K26951100569600;149,101;K;V;1599,71400
2023.01.06 14:00:00;39X60TIGAZ00000B;39N112581518000E;K26951100569600;214,118;K;V;2297,28600
2023.01.06 15:00:00;39X60TIGAZ00000B;39N112581518000E;K26951100569600;209,351;K;V;2246,14100
2023.01.06 16:00:00;39X60TIGAZ00000B;39N112581518000E;K26951100569600;223,464;K;V;2397,56000
2023.01.06 17:00:00;39X60TIGAZ00000B;39N112581518000E;K26951100569600;241,051;K;V;2586,25200
2023.01.06 18:00:00;39X60TIGAZ00000B;39N112581518000E;K26951100569600;221,770;K;V;2379,38500
2023.01.06 19:00:00;39X60TIGAZ00000B;39N112581518000E;K26951100569600;145,193;K;V;1557,78500
2023.01.06 20:00:00;39X60TIGAZ00000B;39N112581518000E;K26951100569600;145,495;K;V;1561,02500
2023.01.06 21:00:00;39X60TIGAZ00000B;39N112581518000E;K26951100569600;329,096;K;V;3530,89300
2023.01.06 22:00:00;39X60TIGAZ00000B;39N112581518000E;K26951100569600;353,016;K;V;3787,53200
2023.01.06 23:00:00;39X60TIGAZ00000B;39N112581518000E;K26951100569600;345,480;K;V;3706,67800
2023.01.07 00:00:00;39X60TIGAZ00000B;39N112581518000E;K26951100569600;157,720;K;V;1692,18800
2023.01.07 01:00:00;39X60TIGAZ00000B;39N112581518000E;K26951100569600;137,756;K;V;1477,99300
2023.01.07 02:00:00;39X60TIGAZ00000B;39N112581518000E;K26951100569600;162,567;K;V;1744,19200
2023.01.07 03:00:00;39X60TIGAZ00000B;39N112581518000E;K26951100569600;236,039;K;V;2532,47800
2023.01.07 04:00:00;39X60TIGAZ00000B;39N112581518000E;K26951100569600;229,666;K;V;2464,10200
2023.01.07 05:00:00;39X60TIGAZ00000B;39N112581518000E;K26951100569600;114,416;K;V;1227,57700
2023.01.06 06:00:00;39X60TIGAZ00000B;39N1107463580002;K34351210361682;4,800;K;V;51,09900
2023.01.06 07:00:00;39X60TIGAZ00000B;39N1107463580002;K34351210361682;4,923;K;V;52,40800
2023.01.06 08:00:00;39X60TIGAZ00000B;39N1107463580002;K34351210361682;4,923;K;V;52,40800
2023.01.06 09:00:00;39X60TIGAZ00000B;39N1107463580002;K34351210361682;4,923;K;V;52,40800
2023.01.06 10:00:00;39X60TIGAZ00000B;39N1107463580002;K34351210361682;5,785;K;V;61,58500
2023.01.06 11:00:00;39X60TIGAZ00000B;39N1107463580002;K34351210361682;5,662;K;V;60,27600
2023.01.06 12:00:00;39X60TIGAZ00000B;39N1107463580002;K34351210361682;4,800;K;V;51,09900
2023.01.06 13:00:00;39X60TIGAZ00000B;39N1107463580002;K34351210361682;5,169;K;V;55,02700
2023.01.06 14:00:00;39X60TIGAZ00000B;39N1107463580002;K34351210361682;4,554;K;V;48,48000
2023.01.06 15:00:00;39X60TIGAZ00000B;39N1107463580002;K34351210361682;4,554;K;V;48,48000
2023.01.06 16:00:00;39X60TIGAZ00000B;39N1107463580002;K34351210361682;4,677;K;V;49,79000
2023.01.06 17:00:00;39X60TIGAZ00000B;39N1107463580002;K34351210361682;4,554;K;V;48,48000
2023.01.06 18:00:00;39X60TIGAZ00000B;39N1107463580002;K34351210361682;4,677;K;V;49,79000
2023.01.06 19:00:00;39X60TIGAZ00000B;39N1107463580002;K34351210361682;6,277;K;V;66,82300
2023.01.06 20:00:00;39X60TIGAZ00000B;39N1107463580002;K34351210361682;6,277;K;V;66,82300
2023.01.06 21:00:00;39X60TIGAZ00000B;39N1107463580002;K34351210361682;4,800;K;V;51,09900
2023.01.06 22:00:00;39X60TIGAZ00000B;39N1107463580002;K34351210361682;4,800;K;V;51,09900
2023.01.06 23:00:00;39X60TIGAZ00000B;39N1107463580002;K34351210361682;5,908;K;V;62,89400
2023.01.07 00:00:00;39X60TIGAZ00000B;39N1107463580002;K34351210361682;6,360;K;V;67,70600
2023.01.07 01:00:00;39X60TIGAZ00000B;39N1107463580002;K34351210361682;4,834;K;V;51,46100
2023.01.07 02:00:00;39X60TIGAZ00000B;39N1107463580002;K34351210361682;4,579;K;V;48,74600
2023.01.07 03:00:00;39X60TIGAZ00000B;39N1107463580002;K34351210361682;6,360;K;V;67,70600
2023.01.07 04:00:00;39X60TIGAZ00000B;39N1107463580002;K34351210361682;6,233;K;V;66,35400
2023.01.07 05:00:00;39X60TIGAZ00000B;39N1107463580002;K34351210361682;4,579;K;V;48,74600
2023.01.06 06:00:00;39X60TIGAZ00000B;39N1103877930008;K36950700006259;11,179;K;V;117,43100
2023.01.06 07:00:00;39X60TIGAZ00000B;39N1103877930008;K36950700006259;12,854;K;V;135,02700
2023.01.06 08:00:00;39X60TIGAZ00000B;39N1103877930008;K36950700006259;13,285;K;V;139,55400
2023.01.06 09:00:00;39X60TIGAZ00000B;39N1103877930008;K36950700006259;9,498;K;V;99,77300
2023.01.06 10:00:00;39X60TIGAZ00000B;39N1103877930008;K36950700006259;9,440;K;V;99,16400
2023.01.06 11:00:00;39X60TIGAZ00000B;39N1103877930008;K36950700006259;10,149;K;V;106,61200
2023.01.06 12:00:00;39X60TIGAZ00000B;39N1103877930008;K36950700006259;13,727;K;V;144,19700
2023.01.06 13:00:00;39X60TIGAZ00000B;39N1103877930008;K36950700006259;9,307;K;V;97,76700
2023.01.06 14:00:00;39X60TIGAZ00000B;39N1103877930008;K36950700006259;10,124;K;V;106,34900
2023.01.06 15:00:00;39X60TIGAZ00000B;39N1103877930008;K36950700006259;8,122;K;V;85,31900
2023.01.06 16:00:00;39X60TIGAZ00000B;39N1103877930008;K36950700006259;9,773;K;V;102,66200
2023.01.06 17:00:00;39X60TIGAZ00000B;39N1103877930008;K36950700006259;12,285;K;V;129,05000
2023.01.06 18:00:00;39X60TIGAZ00000B;39N1103877930008;K36950700006259;8,609;K;V;90,43500
2023.01.06 19:00:00;39X60TIGAZ00000B;39N1103877930008;K36950700006259;6,993;K;V;73,45900
2023.01.06 20:00:00;39X60TIGAZ00000B;39N1103877930008;K36950700006259;4,918;K;V;51,66200
2023.01.06 21:00:00;39X60TIGAZ00000B;39N1103877930008;K36950700006259;5,734;K;V;60,23400
2023.01.06 22:00:00;39X60TIGAZ00000B;39N1103877930008;K36950700006259;5,307;K;V;55,74800
2023.01.06 23:00:00;39X60TIGAZ00000B;39N1103877930008;K36950700006259;8,173;K;V;85,85400
2023.01.07 00:00:00;39X60TIGAZ00000B;39N1103877930008;K36950700006259;9,015;K;V;94,69900
2023.01.07 01:00:00;39X60TIGAZ00000B;39N1103877930008;K36950700006259;7,785;K;V;81,77900
2023.01.07 02:00:00;39X60TIGAZ00000B;39N1103877930008;K36950700006259;5,331;K;V;56,00000
2023.01.07 03:00:00;39X60TIGAZ00000B;39N1103877930008;K36950700006259;6,977;K;V;73,29100
2023.01.07 04:00:00;39X60TIGAZ00000B;39N1103877930008;K36950700006259;9,060;K;V;95,17200
2023.01.07 05:00:00;39X60TIGAZ00000B;39N1103877930008;K36950700006259;9,477;K;V;99,55300
2023.01.06 06:00:00;39X60TIGAZ00000B;39N110747583000O;K26110804402007;14,736;K;V;155,87700
2023.01.06 07:00:00;39X60TIGAZ00000B;39N110747583000O;K26110804402007;15,350;K;V;162,37200
2023.01.06 08:00:00;39X60TIGAZ00000B;39N110747583000O;K26110804402007;16,067;K;V;169,95600
2023.01.06 09:00:00;39X60TIGAZ00000B;39N110747583000O;K26110804402007;14,429;K;V;152,62900
2023.01.06 10:00:00;39X60TIGAZ00000B;39N110747583000O;K26110804402007;15,043;K;V;159,12400
2023.01.06 11:00:00;39X60TIGAZ00000B;39N110747583000O;K26110804402007;13,713;K;V;145,05600
2023.01.06 12:00:00;39X60TIGAZ00000B;39N110747583000O;K26110804402007;12,792;K;V;135,31300
2023.01.06 13:00:00;39X60TIGAZ00000B;39N110747583000O;K26110804402007;13,201;K;V;139,64000
2023.01.06 14:00:00;39X60TIGAZ00000B;39N110747583000O;K26110804402007;13,508;K;V;142,88700
2023.01.06 15:00:00;39X60TIGAZ00000B;39N110747583000O;K26110804402007;13,918;K;V;147,22400
2023.01.06 16:00:00;39X60TIGAZ00000B;39N110747583000O;K26110804402007;16,783;K;V;177,53000
2023.01.06 17:00:00;39X60TIGAZ00000B;39N110747583000O;K26110804402007;16,578;K;V;175,36200
2023.01.06 18:00:00;39X60TIGAZ00000B;39N110747583000O;K26110804402007;17,090;K;V;180,77700
2023.01.06 19:00:00;39X60TIGAZ00000B;39N110747583000O;K26110804402007;19,034;K;V;201,34100
2023.01.06 20:00:00;39X60TIGAZ00000B;39N110747583000O;K26110804402007;19,546;K;V;206,75700
2023.01.06 21:00:00;39X60TIGAZ00000B;39N110747583000O;K26110804402007;19,546;K;V;206,75700
2023.01.06 22:00:00;39X60TIGAZ00000B;39N110747583000O;K26110804402007;18,932;K;V;200,26200
2023.01.06 23:00:00;39X60TIGAZ00000B;39N110747583000O;K26110804402007;18,420;K;V;194,84600
2023.01.07 00:00:00;39X60TIGAZ00000B;39N110747583000O;K26110804402007;18,512;K;V;195,81900
2023.01.07 01:00:00;39X60TIGAZ00000B;39N110747583000O;K26110804402007;18,819;K;V;199,06700
2023.01.07 02:00:00;39X60TIGAZ00000B;39N110747583000O;K26110804402007;18,409;K;V;194,73000
2023.01.07 03:00:00;39X60TIGAZ00000B;39N110747583000O;K26110804402007;18,307;K;V;193,65100
2023.01.07 04:00:00;39X60TIGAZ00000B;39N110747583000O;K26110804402007;18,614;K;V;196,89800
2023.01.07 05:00:00;39X60TIGAZ00000B;39N110747583000O;K26110804402007;19,125;K;V;202,30400
2023.01.06 06:00:00;39X60TIGAZ00000B;39N110794158000O;K36950500004089;0,000;K;V;0,00000
2023.01.06 07:00:00;39X60TIGAZ00000B;39N110794158000O;K36950500004089;0,761;K;V;7,99400
2023.01.06 08:00:00;39X60TIGAZ00000B;39N110794158000O;K36950500004089;0,000;K;V;0,00000
2023.01.06 09:00:00;39X60TIGAZ00000B;39N110794158000O;K36950500004089;0,000;K;V;0,00000
2023.01.06 10:00:00;39X60TIGAZ00000B;39N110794158000O;K36950500004089;0,000;K;V;0,00000
2023.01.06 11:00:00;39X60TIGAZ00000B;39N110794158000O;K36950500004089;0,000;K;V;0,00000
2023.01.06 12:00:00;39X60TIGAZ00000B;39N110794158000O;K36950500004089;0,000;K;V;0,00000
2023.01.06 13:00:00;39X60TIGAZ00000B;39N110794158000O;K36950500004089;0,000;K;V;0,00000
2023.01.06 14:00:00;39X60TIGAZ00000B;39N110794158000O;K36950500004089;0,000;K;V;0,00000
2023.01.06 15:00:00;39X60TIGAZ00000B;39N110794158000O;K36950500004089;0,000;K;V;0,00000
2023.01.06 16:00:00;39X60TIGAZ00000B;39N110794158000O;K36950500004089;0,000;K;V;0,00000
2023.01.06 17:00:00;39X60TIGAZ00000B;39N110794158000O;K36950500004089;0,000;K;V;0,00000
2023.01.06 18:00:00;39X60TIGAZ00000B;39N110794158000O;K36950500004089;0,000;K;V;0,00000
2023.01.06 19:00:00;39X60TIGAZ00000B;39N110794158000O;K36950500004089;0,000;K;V;0,00000
2023.01.06 20:00:00;39X60TIGAZ00000B;39N110794158000O;K36950500004089;0,000;K;V;0,00000
2023.01.06 21:00:00;39X60TIGAZ00000B;39N110794158000O;K36950500004089;0,000;K;V;0,00000
2023.01.06 22:00:00;39X60TIGAZ00000B;39N110794158000O;K36950500004089;0,000;K;V;0,00000
2023.01.06 23:00:00;39X60TIGAZ00000B;39N110794158000O;K36950500004089;0,000;K;V;0,00000
2023.01.07 00:00:00;39X60TIGAZ00000B;39N110794158000O;K36950500004089;0,000;K;V;0,00000
2023.01.07 01:00:00;39X60TIGAZ00000B;39N110794158000O;K36950500004089;0,000;K;V;0,00000
2023.01.07 02:00:00;39X60TIGAZ00000B;39N110794158000O;K36950500004089;0,000;K;V;0,00000
2023.01.07 03:00:00;39X60TIGAZ00000B;39N110794158000O;K36950500004089;0,000;K;V;0,00000
2023.01.07 04:00:00;39X60TIGAZ00000B;39N110794158000O;K36950500004089;0,000;K;V;0,00000
2023.01.07 05:00:00;39X60TIGAZ00000B;39N110794158000O;K36950500004089;0,000;K;V;0,00000
2023.01.06 06:00:00;39X60TIGAZ00000B;39N110794158000O;K26951000001083;0,000;K;V;0,00000
2023.01.06 07:00:00;39X60TIGAZ00000B;39N110794158000O;K26951000001083;0,000;K;V;0,00000
2023.01.06 08:00:00;39X60TIGAZ00000B;39N110794158000O;K26951000001083;0,000;K;V;0,00000
2023.01.06 09:00:00;39X60TIGAZ00000B;39N110794158000O;K26951000001083;0,000;K;V;0,00000
2023.01.06 10:00:00;39X60TIGAZ00000B;39N110794158000O;K26951000001083;0,000;K;V;0,00000
2023.01.06 11:00:00;39X60TIGAZ00000B;39N110794158000O;K26951000001083;0,000;K;V;0,00000
2023.01.06 12:00:00;39X60TIGAZ00000B;39N110794158000O;K26951000001083;0,000;K;V;0,00000
2023.01.06 13:00:00;39X60TIGAZ00000B;39N110794158000O;K26951000001083;0,000;K;V;0,00000
2023.01.06 14:00:00;39X60TIGAZ00000B;39N110794158000O;K26951000001083;0,000;K;V;0,00000
2023.01.06 15:00:00;39X60TIGAZ00000B;39N110794158000O;K26951000001083;0,000;K;V;0,00000
2023.01.06 16:00:00;39X60TIGAZ00000B;39N110794158000O;K26951000001083;0,000;K;V;0,00000
2023.01.06 17:00:00;39X60TIGAZ00000B;39N110794158000O;K26951000001083;0,000;K;V;0,00000
2023.01.06 18:00:00;39X60TIGAZ00000B;39N110794158000O;K26951000001083;0,000;K;V;0,00000
2023.01.06 19:00:00;39X60TIGAZ00000B;39N110794158000O;K26951000001083;0,000;K;V;0,00000
2023.01.06 20:00:00;39X60TIGAZ00000B;39N110794158000O;K26951000001083;0,000;K;V;0,00000
2023.01.06 21:00:00;39X60TIGAZ00000B;39N110794158000O;K26951000001083;0,000;K;V;0,00000
2023.01.06 22:00:00;39X60TIGAZ00000B;39N110794158000O;K26951000001083;0,000;K;V;0,00000
2023.01.06 23:00:00;39X60TIGAZ00000B;39N110794158000O;K26951000001083;0,000;K;V;0,00000
2023.01.07 00:00:00;39X60TIGAZ00000B;39N110794158000O;K26951000001083;0,000;K;V;0,00000
2023.01.07 01:00:00;39X60TIGAZ00000B;39N110794158000O;K26951000001083;0,000;K;V;0,00000
2023.01.07 02:00:00;39X60TIGAZ00000B;39N110794158000O;K26951000001083;0,000;K;V;0,00000
2023.01.07 03:00:00;39X60TIGAZ00000B;39N110794158000O;K26951000001083;0,000;K;V;0,00000
2023.01.07 04:00:00;39X60TIGAZ00000B;39N110794158000O;K26951000001083;0,000;K;V;0,00000
2023.01.07 05:00:00;39X60TIGAZ00000B;39N110794158000O;K26951000001083;0,000;K;V;0,00000
2023.01.06 06:00:00;39X60TIGAZ00000B;39N110457825000D;K11711200746732;11,420;K;V;119,81800
2023.01.06 07:00:00;39X60TIGAZ00000B;39N110457825000D;K11711200746732;7,190;K;V;75,43700
2023.01.06 08:00:00;39X60TIGAZ00000B;39N110457825000D;K11711200746732;7,296;K;V;76,55000
2023.01.06 09:00:00;39X60TIGAZ00000B;39N110457825000D;K11711200746732;5,921;K;V;62,12300
2023.01.06 10:00:00;39X60TIGAZ00000B;39N110457825000D;K11711200746732;6,979;K;V;73,22400
2023.01.06 11:00:00;39X60TIGAZ00000B;39N110457825000D;K11711200746732;7,296;K;V;76,55000
2023.01.06 12:00:00;39X60TIGAZ00000B;39N110457825000D;K11711200746732;7,190;K;V;75,43700
2023.01.06 13:00:00;39X60TIGAZ00000B;39N110457825000D;K11711200746732;7,190;K;V;75,43700
2023.01.06 14:00:00;39X60TIGAZ00000B;39N110457825000D;K11711200746732;5,816;K;V;61,02100
2023.01.06 15:00:00;39X60TIGAZ00000B;39N110457825000D;K11711200746732;11,526;K;V;120,93100
2023.01.06 16:00:00;39X60TIGAZ00000B;39N110457825000D;K11711200746732;10,891;K;V;114,26800
2023.01.06 17:00:00;39X60TIGAZ00000B;39N110457825000D;K11711200746732;7,190;K;V;75,43700
2023.01.06 18:00:00;39X60TIGAZ00000B;39N110457825000D;K11711200746732;7,190;K;V;75,43700
2023.01.06 19:00:00;39X60TIGAZ00000B;39N110457825000D;K11711200746732;7,190;K;V;75,43700
2023.01.06 20:00:00;39X60TIGAZ00000B;39N110457825000D;K11711200746732;7,190;K;V;75,43700
2023.01.06 21:00:00;39X60TIGAZ00000B;39N110457825000D;K11711200746732;7,296;K;V;76,55000
2023.01.06 22:00:00;39X60TIGAZ00000B;39N110457825000D;K11711200746732;4,864;K;V;51,03300
2023.01.06 23:00:00;39X60TIGAZ00000B;39N110457825000D;K11711200746732;1,692;K;V;17,75200
2023.01.07 00:00:00;39X60TIGAZ00000B;39N110457825000D;K11711200746732;3,824;K;V;40,12100
2023.01.07 01:00:00;39X60TIGAZ00000B;39N110457825000D;K11711200746732;7,430;K;V;77,95500
2023.01.07 02:00:00;39X60TIGAZ00000B;39N110457825000D;K11711200746732;7,430;K;V;77,95500
2023.01.07 03:00:00;39X60TIGAZ00000B;39N110457825000D;K11711200746732;7,539;K;V;79,09900
2023.01.07 04:00:00;39X60TIGAZ00000B;39N110457825000D;K11711200746732;10,270;K;V;107,75300
2023.01.07 05:00:00;39X60TIGAZ00000B;39N110457825000D;K11711200746732;8,959;K;V;93,99800
2023.01.06 06:00:00;39X60TIGAZ00000B;39N1108185040002;62E391810482092;2,743;K;V;29,20100
2023.01.06 07:00:00;39X60TIGAZ00000B;39N1108185040002;62E391810482092;2,532;K;V;26,95500
2023.01.06 08:00:00;39X60TIGAZ00000B;39N1108185040002;62E391810482092;1,161;K;V;12,36000
2023.01.06 09:00:00;39X60TIGAZ00000B;39N1108185040002;62E391810482092;1,055;K;V;11,23100
2023.01.06 10:00:00;39X60TIGAZ00000B;39N1108185040002;62E391810482092;1,055;K;V;11,23100
2023.01.06 11:00:00;39X60TIGAZ00000B;39N1108185040002;62E391810482092;1,055;K;V;11,23100
2023.01.06 12:00:00;39X60TIGAZ00000B;39N1108185040002;62E391810482092;0,844;K;V;8,98500
2023.01.06 13:00:00;39X60TIGAZ00000B;39N1108185040002;62E391810482092;0,950;K;V;10,11300
2023.01.06 14:00:00;39X60TIGAZ00000B;39N1108185040002;62E391810482092;0,950;K;V;10,11300
2023.01.06 15:00:00;39X60TIGAZ00000B;39N1108185040002;62E391810482092;1,055;K;V;11,23100
2023.01.06 16:00:00;39X60TIGAZ00000B;39N1108185040002;62E391810482092;1,266;K;V;13,47700
2023.01.06 17:00:00;39X60TIGAZ00000B;39N1108185040002;62E391810482092;3,587;K;V;38,18600
2023.01.06 18:00:00;39X60TIGAZ00000B;39N1108185040002;62E391810482092;1,583;K;V;16,85200
2023.01.06 19:00:00;39X60TIGAZ00000B;39N1108185040002;62E391810482092;0,844;K;V;8,98500
2023.01.06 20:00:00;39X60TIGAZ00000B;39N1108185040002;62E391810482092;0,950;K;V;10,11300
2023.01.06 21:00:00;39X60TIGAZ00000B;39N1108185040002;62E391810482092;1,055;K;V;11,23100
2023.01.06 22:00:00;39X60TIGAZ00000B;39N1108185040002;62E391810482092;1,161;K;V;12,36000
2023.01.06 23:00:00;39X60TIGAZ00000B;39N1108185040002;62E391810482092;1,266;K;V;13,47700
2023.01.07 00:00:00;39X60TIGAZ00000B;39N1108185040002;62E391810482092;2,944;K;V;31,34100
2023.01.07 01:00:00;39X60TIGAZ00000B;39N1108185040002;62E391810482092;2,181;K;V;23,21800
2023.01.07 02:00:00;39X60TIGAZ00000B;39N1108185040002;62E391810482092;1,090;K;V;11,60400
2023.01.07 03:00:00;39X60TIGAZ00000B;39N1108185040002;62E391810482092;1,090;K;V;11,60400
2023.01.07 04:00:00;39X60TIGAZ00000B;39N1108185040002;62E391810482092;1,309;K;V;13,93500
2023.01.07 05:00:00;39X60TIGAZ00000B;39N1108185040002;62E391810482092;1,309;K;V;13,93500
2023.01.06 06:00:00;39X60TIGAZ00000B;39N112578983000X;K36950600006109;1,135;K;V;11,98500
2023.01.06 07:00:00;39X60TIGAZ00000B;39N112578983000X;K36950600006109;1,136;K;V;11,99600
2023.01.06 08:00:00;39X60TIGAZ00000B;39N112578983000X;K36950600006109;1,143;K;V;12,07000
2023.01.06 09:00:00;39X60TIGAZ00000B;39N112578983000X;K36950600006109;0,000;K;V;0,00000
2023.01.06 10:00:00;39X60TIGAZ00000B;39N112578983000X;K36950600006109;0,000;K;V;0,00000
2023.01.06 11:00:00;39X60TIGAZ00000B;39N112578983000X;K36950600006109;0,000;K;V;0,00000
2023.01.06 12:00:00;39X60TIGAZ00000B;39N112578983000X;K36950600006109;0,000;K;V;0,00000
2023.01.06 13:00:00;39X60TIGAZ00000B;39N112578983000X;K36950600006109;1,124;K;V;11,86900
2023.01.06 14:00:00;39X60TIGAZ00000B;39N112578983000X;K36950600006109;0,000;K;V;0,00000
2023.01.06 15:00:00;39X60TIGAZ00000B;39N112578983000X;K36950600006109;1,121;K;V;11,83700
2023.01.06 16:00:00;39X60TIGAZ00000B;39N112578983000X;K36950600006109;1,120;K;V;11,82700
2023.01.06 17:00:00;39X60TIGAZ00000B;39N112578983000X;K36950600006109;1,124;K;V;11,86900
2023.01.06 18:00:00;39X60TIGAZ00000B;39N112578983000X;K36950600006109;1,126;K;V;11,89000
2023.01.06 19:00:00;39X60TIGAZ00000B;39N112578983000X;K36950600006109;0,000;K;V;0,00000
2023.01.06 20:00:00;39X60TIGAZ00000B;39N112578983000X;K36950600006109;1,124;K;V;11,86900
2023.01.06 21:00:00;39X60TIGAZ00000B;39N112578983000X;K36950600006109;1,129;K;V;11,92200
2023.01.06 22:00:00;39X60TIGAZ00000B;39N112578983000X;K36950600006109;0,000;K;V;0,00000
2023.01.06 23:00:00;39X60TIGAZ00000B;39N112578983000X;K36950600006109;1,134;K;V;11,97500
2023.01.07 00:00:00;39X60TIGAZ00000B;39N112578983000X;K36950600006109;0,000;K;V;0,00000
2023.01.07 01:00:00;39X60TIGAZ00000B;39N112578983000X;K36950600006109;1,136;K;V;11,99600
2023.01.07 02:00:00;39X60TIGAZ00000B;39N112578983000X;K36950600006109;1,136;K;V;11,99600
2023.01.07 03:00:00;39X60TIGAZ00000B;39N112578983000X;K36950600006109;0,000;K;V;0,00000
2023.01.07 04:00:00;39X60TIGAZ00000B;39N112578983000X;K36950600006109;1,134;K;V;11,97500
2023.01.07 05:00:00;39X60TIGAZ00000B;39N112578983000X;K36950600006109;1,136;K;V;11,99600
2023.01.06 06:00:00;39X60TIGAZ00000B;39N1125789900005;K26950800005764;103,020;K;V;1100,98800
2023.01.06 07:00:00;39X60TIGAZ00000B;39N1125789900005;K26950800005764;89,255;K;V;953,88000
2023.01.06 08:00:00;39X60TIGAZ00000B;39N1125789900005;K26950800005764;124,255;K;V;1327,92900
2023.01.06 09:00:00;39X60TIGAZ00000B;39N1125789900005;K26950800005764;105,302;K;V;1125,37600
2023.01.06 10:00:00;39X60TIGAZ00000B;39N1125789900005;K26950800005764;115,400;K;V;1233,29500
2023.01.06 11:00:00;39X60TIGAZ00000B;39N1125789900005;K26950800005764;96,874;K;V;1035,30500
2023.01.06 12:00:00;39X60TIGAZ00000B;39N1125789900005;K26950800005764;93,648;K;V;1000,82800
2023.01.06 13:00:00;39X60TIGAZ00000B;39N1125789900005;K26950800005764;106,783;K;V;1141,20400
2023.01.06 14:00:00;39X60TIGAZ00000B;39N1125789900005;K26950800005764;106,007;K;V;1132,91100
2023.01.06 15:00:00;39X60TIGAZ00000B;39N1125789900005;K26950800005764;111,411;K;V;1190,66400
2023.01.06 16:00:00;39X60TIGAZ00000B;39N1125789900005;K26950800005764;93,605;K;V;1000,36900
2023.01.06 17:00:00;39X60TIGAZ00000B;39N1125789900005;K26950800005764;97,921;K;V;1046,49400
2023.01.06 18:00:00;39X60TIGAZ00000B;39N1125789900005;K26950800005764;100,962;K;V;1078,99400
2023.01.06 19:00:00;39X60TIGAZ00000B;39N1125789900005;K26950800005764;111,153;K;V;1187,90700
2023.01.06 20:00:00;39X60TIGAZ00000B;39N1125789900005;K26950800005764;94,929;K;V;1014,51900
2023.01.06 21:00:00;39X60TIGAZ00000B;39N1125789900005;K26950800005764;80,994;K;V;865,59300
2023.01.06 22:00:00;39X60TIGAZ00000B;39N1125789900005;K26950800005764;90,574;K;V;967,97600
2023.01.06 23:00:00;39X60TIGAZ00000B;39N1125789900005;K26950800005764;92,205;K;V;985,40700
2023.01.07 00:00:00;39X60TIGAZ00000B;39N1125789900005;K26950800005764;98,138;K;V;1048,81400
2023.01.07 01:00:00;39X60TIGAZ00000B;39N1125789900005;K26950800005764;93,724;K;V;1001,64100
2023.01.07 02:00:00;39X60TIGAZ00000B;39N1125789900005;K26950800005764;108,881;K;V;1163,62500
2023.01.07 03:00:00;39X60TIGAZ00000B;39N1125789900005;K26950800005764;118,197;K;V;1263,18700
2023.01.07 04:00:00;39X60TIGAZ00000B;39N1125789900005;K26950800005764;107,215;K;V;1145,82100
2023.01.07 05:00:00;39X60TIGAZ00000B;39N1125789900005;K26950800005764;111,244;K;V;1188,87900
2023.01.06 06:00:00;39X60TIGAZ00000B;39N112579009000W;K26950900008664;144,672;K;V;1558,80600
2023.01.06 07:00:00;39X60TIGAZ00000B;39N112579009000W;K26950900008664;137,414;K;V;1480,60300
2023.01.06 08:00:00;39X60TIGAZ00000B;39N112579009000W;K26950900008664;131,490;K;V;1416,77300
2023.01.06 09:00:00;39X60TIGAZ00000B;39N112579009000W;K26950900008664;138,343;K;V;1490,61200
2023.01.06 10:00:00;39X60TIGAZ00000B;39N112579009000W;K26950900008664;151,892;K;V;1636,60000
2023.01.06 11:00:00;39X60TIGAZ00000B;39N112579009000W;K26950900008664;151,528;K;V;1632,67800
2023.01.06 12:00:00;39X60TIGAZ00000B;39N112579009000W;K26950900008664;144,439;K;V;1556,29500
2023.01.06 13:00:00;39X60TIGAZ00000B;39N112579009000W;K26950900008664;144,752;K;V;1559,66800
2023.01.06 14:00:00;39X60TIGAZ00000B;39N112579009000W;K26950900008664;151,712;K;V;1634,66000
2023.01.06 15:00:00;39X60TIGAZ00000B;39N112579009000W;K26950900008664;158,224;K;V;1704,82500
2023.01.06 16:00:00;39X60TIGAZ00000B;39N112579009000W;K26950900008664;144,028;K;V;1551,86700
2023.01.06 17:00:00;39X60TIGAZ00000B;39N112579009000W;K26950900008664;129,696;K;V;1397,44300
2023.01.06 18:00:00;39X60TIGAZ00000B;39N112579009000W;K26950900008664;130,568;K;V;1406,83900
2023.01.06 19:00:00;39X60TIGAZ00000B;39N112579009000W;K26950900008664;130,830;K;V;1409,66200
2023.01.06 20:00:00;39X60TIGAZ00000B;39N112579009000W;K26950900008664;123,961;K;V;1335,65000
2023.01.06 21:00:00;39X60TIGAZ00000B;39N112579009000W;K26950900008664;116,479;K;V;1255,03300
2023.01.06 22:00:00;39X60TIGAZ00000B;39N112579009000W;K26950900008664;116,415;K;V;1254,34400
2023.01.06 23:00:00;39X60TIGAZ00000B;39N112579009000W;K26950900008664;124,186;K;V;1338,07400
2023.01.07 00:00:00;39X60TIGAZ00000B;39N112579009000W;K26950900008664;123,301;K;V;1328,53800
2023.01.07 01:00:00;39X60TIGAZ00000B;39N112579009000W;K26950900008664;124,231;K;V;1338,55900
2023.01.07 02:00:00;39X60TIGAZ00000B;39N112579009000W;K26950900008664;130,860;K;V;1409,98500
2023.01.07 03:00:00;39X60TIGAZ00000B;39N112579009000W;K26950900008664;130,766;K;V;1408,97200
2023.01.07 04:00:00;39X60TIGAZ00000B;39N112579009000W;K26950900008664;137,815;K;V;1484,92300
2023.01.07 05:00:00;39X60TIGAZ00000B;39N112579009000W;K26950900008664;130,296;K;V;1403,90800
2023.01.06 06:00:00;39X60TIGAZ00000B;39N112579023000D;K36950600005883;74,318;K;V;801,25200
2023.01.06 07:00:00;39X60TIGAZ00000B;39N112579023000D;K36950600005883;62,535;K;V;674,21500
2023.01.06 08:00:00;39X60TIGAZ00000B;39N112579023000D;K36950600005883;62,543;K;V;674,30100
2023.01.06 09:00:00;39X60TIGAZ00000B;39N112579023000D;K36950600005883;56,238;K;V;606,32400
2023.01.06 10:00:00;39X60TIGAZ00000B;39N112579023000D;K36950600005883;55,957;K;V;603,29500
2023.01.06 11:00:00;39X60TIGAZ00000B;39N112579023000D;K36950600005883;49,873;K;V;537,70100
2023.01.06 12:00:00;39X60TIGAZ00000B;39N112579023000D;K36950600005883;49,733;K;V;536,19100
2023.01.06 13:00:00;39X60TIGAZ00000B;39N112579023000D;K36950600005883;49,680;K;V;535,62000
2023.01.06 14:00:00;39X60TIGAZ00000B;39N112579023000D;K36950600005883;43,623;K;V;470,31700
2023.01.06 15:00:00;39X60TIGAZ00000B;39N112579023000D;K36950600005883;43,687;K;V;471,00700
2023.01.06 16:00:00;39X60TIGAZ00000B;39N112579023000D;K36950600005883;57,883;K;V;624,06000
2023.01.06 17:00:00;39X60TIGAZ00000B;39N112579023000D;K36950600005883;60,154;K;V;648,54400
2023.01.06 18:00:00;39X60TIGAZ00000B;39N112579023000D;K36950600005883;68,322;K;V;736,60700
2023.01.06 19:00:00;39X60TIGAZ00000B;39N112579023000D;K36950600005883;78,306;K;V;844,24800
2023.01.06 20:00:00;39X60TIGAZ00000B;39N112579023000D;K36950600005883;50,279;K;V;542,07800
2023.01.06 21:00:00;39X60TIGAZ00000B;39N112579023000D;K36950600005883;40,141;K;V;432,77600
2023.01.06 22:00:00;39X60TIGAZ00000B;39N112579023000D;K36950600005883;48,130;K;V;518,90900
2023.01.06 23:00:00;39X60TIGAZ00000B;39N112579023000D;K36950600005883;52,225;K;V;563,05800
2023.01.07 00:00:00;39X60TIGAZ00000B;39N112579023000D;K36950600005883;54,182;K;V;584,15800
2023.01.07 01:00:00;39X60TIGAZ00000B;39N112579023000D;K36950600005883;52,212;K;V;562,91800
2023.01.07 02:00:00;39X60TIGAZ00000B;39N112579023000D;K36950600005883;42,303;K;V;456,08500
2023.01.07 03:00:00;39X60TIGAZ00000B;39N112579023000D;K36950600005883;40,246;K;V;433,90800
2023.01.07 04:00:00;39X60TIGAZ00000B;39N112579023000D;K36950600005883;50,311;K;V;542,42300
2023.01.07 05:00:00;39X60TIGAZ00000B;39N112579023000D;K36950600005883;64,535;K;V;695,77700
2023.01.06 06:00:00;39X60TIGAZ00000B;39N112579168000V;20E492246001369;53,397;K;V;557,35700
2023.01.06 07:00:00;39X60TIGAZ00000B;39N112579168000V;20E492246001369;55,689;K;V;581,28100
2023.01.06 08:00:00;39X60TIGAZ00000B;39N112579168000V;20E492246001369;52,354;K;V;546,47000
2023.01.06 09:00:00;39X60TIGAZ00000B;39N112579168000V;20E492246001369;48,916;K;V;510,58500
2023.01.06 10:00:00;39X60TIGAZ00000B;39N112579168000V;20E492246001369;49,832;K;V;520,14600
2023.01.06 11:00:00;39X60TIGAZ00000B;39N112579168000V;20E492246001369;46,354;K;V;483,84200
2023.01.06 12:00:00;39X60TIGAZ00000B;39N112579168000V;20E492246001369;44,050;K;V;459,79300
2023.01.06 13:00:00;39X60TIGAZ00000B;39N112579168000V;20E492246001369;41,780;K;V;436,09900
2023.01.06 14:00:00;39X60TIGAZ00000B;39N112579168000V;20E492246001369;40,614;K;V;423,92800
2023.01.06 15:00:00;39X60TIGAZ00000B;39N112579168000V;20E492246001369;45,074;K;V;470,48200
2023.01.06 16:00:00;39X60TIGAZ00000B;39N112579168000V;20E492246001369;48,480;K;V;506,03400
2023.01.06 17:00:00;39X60TIGAZ00000B;39N112579168000V;20E492246001369;49,714;K;V;518,91400
2023.01.06 18:00:00;39X60TIGAZ00000B;39N112579168000V;20E492246001369;53,095;K;V;554,20500
2023.01.06 19:00:00;39X60TIGAZ00000B;39N112579168000V;20E492246001369;56,477;K;V;589,50600
2023.01.06 20:00:00;39X60TIGAZ00000B;39N112579168000V;20E492246001369;55,395;K;V;578,21200
2023.01.06 21:00:00;39X60TIGAZ00000B;39N112579168000V;20E492246001369;52,030;K;V;543,08800
2023.01.06 22:00:00;39X60TIGAZ00000B;39N112579168000V;20E492246001369;51,999;K;V;542,76500
2023.01.06 23:00:00;39X60TIGAZ00000B;39N112579168000V;20E492246001369;52,010;K;V;542,88000
2023.01.07 00:00:00;39X60TIGAZ00000B;39N112579168000V;20E492246001369;50,878;K;V;531,06400
2023.01.07 01:00:00;39X60TIGAZ00000B;39N112579168000V;20E492246001369;48,618;K;V;507,47400
2023.01.07 02:00:00;39X60TIGAZ00000B;39N112579168000V;20E492246001369;51,998;K;V;542,75400
2023.01.07 03:00:00;39X60TIGAZ00000B;39N112579168000V;20E492246001369;55,427;K;V;578,54600
2023.01.07 04:00:00;39X60TIGAZ00000B;39N112579168000V;20E492246001369;60,001;K;V;626,29000
2023.01.07 05:00:00;39X60TIGAZ00000B;39N112579168000V;20E492246001369;62,366;K;V;650,97600
2023.01.06 06:00:00;39X60TIGAZ00000B;39N112579178000P;K26951100001555;90,037;K;V;950,76700
2023.01.06 07:00:00;39X60TIGAZ00000B;39N112579178000P;K26951100001555;107,348;K;V;1133,56700
2023.01.06 08:00:00;39X60TIGAZ00000B;39N112579178000P;K26951100001555;136,439;K;V;1440,76000
2023.01.06 09:00:00;39X60TIGAZ00000B;39N112579178000P;K26951100001555;133,863;K;V;1413,55800
2023.01.06 10:00:00;39X60TIGAZ00000B;39N112579178000P;K26951100001555;144,982;K;V;1530,97200
2023.01.06 11:00:00;39X60TIGAZ00000B;39N112579178000P;K26951100001555;110,786;K;V;1169,87100
2023.01.06 12:00:00;39X60TIGAZ00000B;39N112579178000P;K26951100001555;127,791;K;V;1349,44000
2023.01.06 13:00:00;39X60TIGAZ00000B;39N112579178000P;K26951100001555;142,571;K;V;1505,51200
2023.01.06 14:00:00;39X60TIGAZ00000B;39N112579178000P;K26951100001555;111,219;K;V;1174,44400
2023.01.06 15:00:00;39X60TIGAZ00000B;39N112579178000P;K26951100001555;135,815;K;V;1434,17100
2023.01.06 16:00:00;39X60TIGAZ00000B;39N112579178000P;K26951100001555;148,310;K;V;1566,11500
2023.01.06 17:00:00;39X60TIGAZ00000B;39N112579178000P;K26951100001555;138,876;K;V;1466,49400
2023.01.06 18:00:00;39X60TIGAZ00000B;39N112579178000P;K26951100001555;141,180;K;V;1490,82400
2023.01.06 19:00:00;39X60TIGAZ00000B;39N112579178000P;K26951100001555;136,472;K;V;1441,10900
2023.01.06 20:00:00;39X60TIGAZ00000B;39N112579178000P;K26951100001555;131,603;K;V;1389,69300
2023.01.06 21:00:00;39X60TIGAZ00000B;39N112579178000P;K26951100001555;124,212;K;V;1311,64600
2023.01.06 22:00:00;39X60TIGAZ00000B;39N112579178000P;K26951100001555;107,171;K;V;1131,69800
2023.01.06 23:00:00;39X60TIGAZ00000B;39N112579178000P;K26951100001555;119,361;K;V;1260,42100
2023.01.07 00:00:00;39X60TIGAZ00000B;39N112579178000P;K26951100001555;133,883;K;V;1413,76900
2023.01.07 01:00:00;39X60TIGAZ00000B;39N112579178000P;K26951100001555;141,156;K;V;1490,57000
2023.01.07 02:00:00;39X60TIGAZ00000B;39N112579178000P;K26951100001555;141,127;K;V;1490,26400
2023.01.07 03:00:00;39X60TIGAZ00000B;39N112579178000P;K26951100001555;141,179;K;V;1490,81300
2023.01.07 04:00:00;39X60TIGAZ00000B;39N112579178000P;K26951100001555;136,238;K;V;1438,63800
2023.01.07 05:00:00;39X60TIGAZ00000B;39N112579178000P;K26951100001555;145,908;K;V;1540,75000
2023.01.06 06:00:00;39X60TIGAZ00000B;39N112579476000E;K26950800005445;44,429;K;V;466,74900
2023.01.06 07:00:00;39X60TIGAZ00000B;39N112579476000E;K26950800005445;50,403;K;V;529,50900
2023.01.06 08:00:00;39X60TIGAZ00000B;39N112579476000E;K26950800005445;43,543;K;V;457,44200
2023.01.06 09:00:00;39X60TIGAZ00000B;39N112579476000E;K26950800005445;42,600;K;V;447,53500
2023.01.06 10:00:00;39X60TIGAZ00000B;39N112579476000E;K26950800005445;40,618;K;V;426,71300
2023.01.06 11:00:00;39X60TIGAZ00000B;39N112579476000E;K26950800005445;39,605;K;V;416,07100
2023.01.06 12:00:00;39X60TIGAZ00000B;39N112579476000E;K26950800005445;40,591;K;V;426,42900
2023.01.06 13:00:00;39X60TIGAZ00000B;39N112579476000E;K26950800005445;41,567;K;V;436,68300
2023.01.06 14:00:00;39X60TIGAZ00000B;39N112579476000E;K26950800005445;38,590;K;V;405,40800
2023.01.06 15:00:00;39X60TIGAZ00000B;39N112579476000E;K26950800005445;48,454;K;V;509,03400
2023.01.06 16:00:00;39X60TIGAZ00000B;39N112579476000E;K26950800005445;44,493;K;V;467,42200
2023.01.06 17:00:00;39X60TIGAZ00000B;39N112579476000E;K26950800005445;48,448;K;V;508,97100
2023.01.06 18:00:00;39X60TIGAZ00000B;39N112579476000E;K26950800005445;45,508;K;V;478,08500
2023.01.06 19:00:00;39X60TIGAZ00000B;39N112579476000E;K26950800005445;43,547;K;V;457,48400
2023.01.06 20:00:00;39X60TIGAZ00000B;39N112579476000E;K26950800005445;49,489;K;V;519,90700
2023.01.06 21:00:00;39X60TIGAZ00000B;39N112579476000E;K26950800005445;42,581;K;V;447,33500
2023.01.06 22:00:00;39X60TIGAZ00000B;39N112579476000E;K26950800005445;42,579;K;V;447,31400
2023.01.06 23:00:00;39X60TIGAZ00000B;39N112579476000E;K26950800005445;39,598;K;V;415,99700
2023.01.07 00:00:00;39X60TIGAZ00000B;39N112579476000E;K26950800005445;45,533;K;V;478,34800
2023.01.07 01:00:00;39X60TIGAZ00000B;39N112579476000E;K26950800005445;42,546;K;V;446,96800
2023.01.07 02:00:00;39X60TIGAZ00000B;39N112579476000E;K26950800005445;43,528;K;V;457,28400
2023.01.07 03:00:00;39X60TIGAZ00000B;39N112579476000E;K26950800005445;45,486;K;V;477,85400
2023.01.07 04:00:00;39X60TIGAZ00000B;39N112579476000E;K26950800005445;46,448;K;V;487,96000
2023.01.07 05:00:00;39X60TIGAZ00000B;39N112579476000E;K26950800005445;46,448;K;P;487,96000
2023.01.06 06:00:00;39X60TIGAZ00000B;39N1125794780004;K36950600005889;20,628;K;V;216,70800
2023.01.06 07:00:00;39X60TIGAZ00000B;39N1125794780004;K36950600005889;21,319;K;V;223,96700
2023.01.06 08:00:00;39X60TIGAZ00000B;39N1125794780004;K36950600005889;18,884;K;V;198,38600
2023.01.06 09:00:00;39X60TIGAZ00000B;39N1125794780004;K36950600005889;19,421;K;V;204,02800
2023.01.06 10:00:00;39X60TIGAZ00000B;39N1125794780004;K36950600005889;18,581;K;V;195,20300
2023.01.06 11:00:00;39X60TIGAZ00000B;39N1125794780004;K36950600005889;16,470;K;V;173,02600
2023.01.06 12:00:00;39X60TIGAZ00000B;39N1125794780004;K36950600005889;20,025;K;V;210,37300
2023.01.06 13:00:00;39X60TIGAZ00000B;39N1125794780004;K36950600005889;14,870;K;V;156,21700
2023.01.06 14:00:00;39X60TIGAZ00000B;39N1125794780004;K36950600005889;21,054;K;V;221,18300
2023.01.06 15:00:00;39X60TIGAZ00000B;39N1125794780004;K36950600005889;14,220;K;V;149,38800
2023.01.06 16:00:00;39X60TIGAZ00000B;39N1125794780004;K36950600005889;17,425;K;V;183,05900
2023.01.06 17:00:00;39X60TIGAZ00000B;39N1125794780004;K36950600005889;19,833;K;V;208,35600
2023.01.06 18:00:00;39X60TIGAZ00000B;39N1125794780004;K36950600005889;14,283;K;V;150,05000
2023.01.06 19:00:00;39X60TIGAZ00000B;39N1125794780004;K36950600005889;15,359;K;V;161,35400
2023.01.06 20:00:00;39X60TIGAZ00000B;39N1125794780004;K36950600005889;15,155;K;V;159,21100
2023.01.06 21:00:00;39X60TIGAZ00000B;39N1125794780004;K36950600005889;13,996;K;V;147,03500
2023.01.06 22:00:00;39X60TIGAZ00000B;39N1125794780004;K36950600005889;15,268;K;V;160,39800
2023.01.06 23:00:00;39X60TIGAZ00000B;39N1125794780004;K36950600005889;14,198;K;V;149,15700
2023.01.07 00:00:00;39X60TIGAZ00000B;39N1125794780004;K36950600005889;15,035;K;V;157,95000
2023.01.07 01:00:00;39X60TIGAZ00000B;39N1125794780004;K36950600005889;16,188;K;V;170,06300
2023.01.07 02:00:00;39X60TIGAZ00000B;39N1125794780004;K36950600005889;14,915;K;V;156,69000
2023.01.07 03:00:00;39X60TIGAZ00000B;39N1125794780004;K36950600005889;13,757;K;V;144,52400
2023.01.07 04:00:00;39X60TIGAZ00000B;39N1125794780004;K36950600005889;16,311;K;V;171,35500
2023.01.07 05:00:00;39X60TIGAZ00000B;39N1125794780004;K36950600005889;14,324;K;V;150,48100
2023.01.06 06:00:00;39X60TIGAZ00000B;39N112579520000U;K26950800003439;43,951;K;V;471,55500
2023.01.06 07:00:00;39X60TIGAZ00000B;39N112579520000U;K26950800003439;47,066;K;V;504,97600
2023.01.06 08:00:00;39X60TIGAZ00000B;39N112579520000U;K26950800003439;50,182;K;V;538,40800
2023.01.06 09:00:00;39X60TIGAZ00000B;39N112579520000U;K26950800003439;45,375;K;V;486,83300
2023.01.06 10:00:00;39X60TIGAZ00000B;39N112579520000U;K26950800003439;41,947;K;V;450,05400
2023.01.06 11:00:00;39X60TIGAZ00000B;39N112579520000U;K26950800003439;40,189;K;V;431,19200
2023.01.06 12:00:00;39X60TIGAZ00000B;39N112579520000U;K26950800003439;35,554;K;V;381,46200
2023.01.06 13:00:00;39X60TIGAZ00000B;39N112579520000U;K26950800003439;40,199;K;V;431,29900
2023.01.06 14:00:00;39X60TIGAZ00000B;39N112579520000U;K26950800003439;35,636;K;V;382,34200
2023.01.06 15:00:00;39X60TIGAZ00000B;39N112579520000U;K26950800003439;38,826;K;V;416,56800
2023.01.06 16:00:00;39X60TIGAZ00000B;39N112579520000U;K26950800003439;40,514;K;V;434,67900
2023.01.06 17:00:00;39X60TIGAZ00000B;39N112579520000U;K26950800003439;39,136;K;V;419,89400
2023.01.06 18:00:00;39X60TIGAZ00000B;39N112579520000U;K26950800003439;39,247;K;V;421,08500
2023.01.06 19:00:00;39X60TIGAZ00000B;39N112579520000U;K26950800003439;39,224;K;V;420,83800
2023.01.06 20:00:00;39X60TIGAZ00000B;39N112579520000U;K26950800003439;42,365;K;V;454,53800
2023.01.06 21:00:00;39X60TIGAZ00000B;39N112579520000U;K26950800003439;28,317;K;V;303,81600
2023.01.06 22:00:00;39X60TIGAZ00000B;39N112579520000U;K26950800003439;11,161;K;V;119,74800
2023.01.06 23:00:00;39X60TIGAZ00000B;39N112579520000U;K26950800003439;12,702;K;V;136,28100
2023.01.07 00:00:00;39X60TIGAZ00000B;39N112579520000U;K26950800003439;11,106;K;V;119,15700
2023.01.07 01:00:00;39X60TIGAZ00000B;39N112579520000U;K26950800003439;12,668;K;V;135,91600
2023.01.07 02:00:00;39X60TIGAZ00000B;39N112579520000U;K26950800003439;11,073;K;V;118,80300
2023.01.07 03:00:00;39X60TIGAZ00000B;39N112579520000U;K26950800003439;12,647;K;V;135,69100
2023.01.07 04:00:00;39X60TIGAZ00000B;39N112579520000U;K26950800003439;17,347;K;V;186,11800
2023.01.07 05:00:00;39X60TIGAZ00000B;39N112579520000U;K26950800003439;42,313;K;V;453,98000
2023.01.06 06:00:00;39X60TIGAZ00000B;39N112579878000D;K1E241610429188;3,179;K;V;34,52900
2023.01.06 07:00:00;39X60TIGAZ00000B;39N112579878000D;K1E241610429188;3,073;K;V;33,37800
2023.01.06 08:00:00;39X60TIGAZ00000B;39N112579878000D;K1E241610429188;3,073;K;V;33,37800
2023.01.06 09:00:00;39X60TIGAZ00000B;39N112579878000D;K1E241610429188;3,073;K;V;33,37800
2023.01.06 10:00:00;39X60TIGAZ00000B;39N112579878000D;K1E241610429188;3,285;K;V;35,68100
2023.01.06 11:00:00;39X60TIGAZ00000B;39N112579878000D;K1E241610429188;3,285;K;V;35,68100
2023.01.06 12:00:00;39X60TIGAZ00000B;39N112579878000D;K1E241610429188;3,179;K;V;34,52900
2023.01.06 13:00:00;39X60TIGAZ00000B;39N112579878000D;K1E241610429188;3,179;K;V;34,52900
2023.01.06 14:00:00;39X60TIGAZ00000B;39N112579878000D;K1E241610429188;3,179;K;V;34,52900
2023.01.06 15:00:00;39X60TIGAZ00000B;39N112579878000D;K1E241610429188;3,179;K;V;34,52900
2023.01.06 16:00:00;39X60TIGAZ00000B;39N112579878000D;K1E241610429188;3,073;K;V;33,37800
2023.01.06 17:00:00;39X60TIGAZ00000B;39N112579878000D;K1E241610429188;3,179;K;V;34,52900
2023.01.06 18:00:00;39X60TIGAZ00000B;39N112579878000D;K1E241610429188;3,073;K;V;33,37800
2023.01.06 19:00:00;39X60TIGAZ00000B;39N112579878000D;K1E241610429188;3,179;K;V;34,52900
2023.01.06 20:00:00;39X60TIGAZ00000B;39N112579878000D;K1E241610429188;3,073;K;V;33,37800
2023.01.06 21:00:00;39X60TIGAZ00000B;39N112579878000D;K1E241610429188;3,179;K;V;34,52900
2023.01.06 22:00:00;39X60TIGAZ00000B;39N112579878000D;K1E241610429188;3,073;K;V;33,37800
2023.01.06 23:00:00;39X60TIGAZ00000B;39N112579878000D;K1E241610429188;3,179;K;V;34,52900
2023.01.07 00:00:00;39X60TIGAZ00000B;39N112579878000D;K1E241610429188;3,176;K;V;34,49700
2023.01.07 01:00:00;39X60TIGAZ00000B;39N112579878000D;K1E241610429188;3,286;K;V;35,69200
2023.01.07 02:00:00;39X60TIGAZ00000B;39N112579878000D;K1E241610429188;3,176;K;V;34,49700
2023.01.07 03:00:00;39X60TIGAZ00000B;39N112579878000D;K1E241610429188;3,176;K;V;34,49700
2023.01.07 04:00:00;39X60TIGAZ00000B;39N112579878000D;K1E241610429188;3,176;K;V;34,49700
2023.01.07 05:00:00;39X60TIGAZ00000B;39N112579878000D;K1E241610429188;3,176;K;V;34,49700
2023.01.06 06:00:00;39X60TIGAZ00000B;39N112634124000U;80I952106114922;10,849;K;V;113,82800
2023.01.06 07:00:00;39X60TIGAZ00000B;39N112634124000U;80I952106114922;10,428;K;V;109,41000
2023.01.06 08:00:00;39X60TIGAZ00000B;39N112634124000U;80I952106114922;7,689;K;V;80,67300
2023.01.06 09:00:00;39X60TIGAZ00000B;39N112634124000U;80I952106114922;3,687;K;V;38,68400
2023.01.06 10:00:00;39X60TIGAZ00000B;39N112634124000U;80I952106114922;2,212;K;V;23,20800
2023.01.06 11:00:00;39X60TIGAZ00000B;39N112634124000U;80I952106114922;2,212;K;V;23,20800
2023.01.06 12:00:00;39X60TIGAZ00000B;39N112634124000U;80I952106114922;2,212;K;V;23,20800
2023.01.06 13:00:00;39X60TIGAZ00000B;39N112634124000U;80I952106114922;2,212;K;V;23,20800
2023.01.06 14:00:00;39X60TIGAZ00000B;39N112634124000U;80I952106114922;2,423;K;V;25,42200
2023.01.06 15:00:00;39X60TIGAZ00000B;39N112634124000U;80I952106114922;2,949;K;V;30,94100
2023.01.06 16:00:00;39X60TIGAZ00000B;39N112634124000U;80I952106114922;3,897;K;V;40,88700
2023.01.06 17:00:00;39X60TIGAZ00000B;39N112634124000U;80I952106114922;5,688;K;V;59,67800
2023.01.06 18:00:00;39X60TIGAZ00000B;39N112634124000U;80I952106114922;4,529;K;V;47,51800
2023.01.06 19:00:00;39X60TIGAZ00000B;39N112634124000U;80I952106114922;5,583;K;V;58,57700
2023.01.06 20:00:00;39X60TIGAZ00000B;39N112634124000U;80I952106114922;4,951;K;V;51,94600
2023.01.06 21:00:00;39X60TIGAZ00000B;39N112634124000U;80I952106114922;5,161;K;V;54,14900
2023.01.06 22:00:00;39X60TIGAZ00000B;39N112634124000U;80I952106114922;5,583;K;V;58,57700
2023.01.06 23:00:00;39X60TIGAZ00000B;39N112634124000U;80I952106114922;6,425;K;V;67,41100
2023.01.07 00:00:00;39X60TIGAZ00000B;39N112634124000U;80I952106114922;6,855;K;V;71,92300
2023.01.07 01:00:00;39X60TIGAZ00000B;39N112634124000U;80I952106114922;9,031;K;V;94,75300
2023.01.07 02:00:00;39X60TIGAZ00000B;39N112634124000U;80I952106114922;9,140;K;V;95,89700
2023.01.07 03:00:00;39X60TIGAZ00000B;39N112634124000U;80I952106114922;10,663;K;V;111,87600
2023.01.07 04:00:00;39X60TIGAZ00000B;39N112634124000U;80I952106114922;10,989;K;V;115,29600
2023.01.07 05:00:00;39X60TIGAZ00000B;39N112634124000U;80I952106114922;11,533;K;V;121,00400
2023.01.06 06:00:00;39X60TIGAZ00000B;39N112638045000P;K26950600006145;0,000;K;V;0,00000
2023.01.06 07:00:00;39X60TIGAZ00000B;39N112638045000P;K26950600006145;0,000;K;V;0,00000
2023.01.06 08:00:00;39X60TIGAZ00000B;39N112638045000P;K26950600006145;0,000;K;V;0,00000
2023.01.06 09:00:00;39X60TIGAZ00000B;39N112638045000P;K26950600006145;0,000;K;V;0,00000
2023.01.06 10:00:00;39X60TIGAZ00000B;39N112638045000P;K26950600006145;0,000;K;V;0,00000
2023.01.06 11:00:00;39X60TIGAZ00000B;39N112638045000P;K26950600006145;0,000;K;V;0,00000
2023.01.06 12:00:00;39X60TIGAZ00000B;39N112638045000P;K26950600006145;0,000;K;V;0,00000
2023.01.06 13:00:00;39X60TIGAZ00000B;39N112638045000P;K26950600006145;0,000;K;V;0,00000
2023.01.06 14:00:00;39X60TIGAZ00000B;39N112638045000P;K26950600006145;0,000;K;V;0,00000
2023.01.06 15:00:00;39X60TIGAZ00000B;39N112638045000P;K26950600006145;0,000;K;V;0,00000
2023.01.06 16:00:00;39X60TIGAZ00000B;39N112638045000P;K26950600006145;0,000;K;V;0,00000
2023.01.06 17:00:00;39X60TIGAZ00000B;39N112638045000P;K26950600006145;0,000;K;V;0,00000
2023.01.06 18:00:00;39X60TIGAZ00000B;39N112638045000P;K26950600006145;0,000;K;V;0,00000
2023.01.06 19:00:00;39X60TIGAZ00000B;39N112638045000P;K26950600006145;0,000;K;V;0,00000
2023.01.06 20:00:00;39X60TIGAZ00000B;39N112638045000P;K26950600006145;0,000;K;V;0,00000
2023.01.06 21:00:00;39X60TIGAZ00000B;39N112638045000P;K26950600006145;0,000;K;V;0,00000
2023.01.06 22:00:00;39X60TIGAZ00000B;39N112638045000P;K26950600006145;0,000;K;V;0,00000
2023.01.06 23:00:00;39X60TIGAZ00000B;39N112638045000P;K26950600006145;0,000;K;V;0,00000
2023.01.07 00:00:00;39X60TIGAZ00000B;39N112638045000P;K26950600006145;0,000;K;V;0,00000
2023.01.07 01:00:00;39X60TIGAZ00000B;39N112638045000P;K26950600006145;0,000;K;V;0,00000
2023.01.07 02:00:00;39X60TIGAZ00000B;39N112638045000P;K26950600006145;0,000;K;V;0,00000
2023.01.07 03:00:00;39X60TIGAZ00000B;39N112638045000P;K26950600006145;0,000;K;V;0,00000
2023.01.07 04:00:00;39X60TIGAZ00000B;39N112638045000P;K26950600006145;0,000;K;V;0,00000
2023.01.07 05:00:00;39X60TIGAZ00000B;39N112638045000P;K26950600006145;0,000;K;V;0,00000
2023.01.06 06:00:00;39X60TIGAZ00000B;39N112638045000P;K36950800005883;73,052;K;V;767,44900
2023.01.06 07:00:00;39X60TIGAZ00000B;39N112638045000P;K36950800005883;55,018;K;V;577,99200
2023.01.06 08:00:00;39X60TIGAZ00000B;39N112638045000P;K36950800005883;63,969;K;V;672,02700
2023.01.06 09:00:00;39X60TIGAZ00000B;39N112638045000P;K36950800005883;72,808;K;V;764,88500
2023.01.06 10:00:00;39X60TIGAZ00000B;39N112638045000P;K36950800005883;63,760;K;V;669,83200
2023.01.06 11:00:00;39X60TIGAZ00000B;39N112638045000P;K36950800005883;36,417;K;V;382,57900
2023.01.06 12:00:00;39X60TIGAZ00000B;39N112638045000P;K36950800005883;45,499;K;V;477,99000
2023.01.06 13:00:00;39X60TIGAZ00000B;39N112638045000P;K36950800005883;36,430;K;V;382,71600
2023.01.06 14:00:00;39X60TIGAZ00000B;39N112638045000P;K36950800005883;27,285;K;V;286,64300
2023.01.06 15:00:00;39X60TIGAZ00000B;39N112638045000P;K36950800005883;18,189;K;V;191,08500
2023.01.06 16:00:00;39X60TIGAZ00000B;39N112638045000P;K36950800005883;18,220;K;V;191,41000
2023.01.06 17:00:00;39X60TIGAZ00000B;39N112638045000P;K36950800005883;9,186;K;V;96,50400
2023.01.06 18:00:00;39X60TIGAZ00000B;39N112638045000P;K36950800005883;18,446;K;V;193,78500
2023.01.06 19:00:00;39X60TIGAZ00000B;39N112638045000P;K36950800005883;9,228;K;V;96,94500
2023.01.06 20:00:00;39X60TIGAZ00000B;39N112638045000P;K36950800005883;9,260;K;V;97,28100
2023.01.06 21:00:00;39X60TIGAZ00000B;39N112638045000P;K36950800005883;18,582;K;V;195,21300
2023.01.06 22:00:00;39X60TIGAZ00000B;39N112638045000P;K36950800005883;9,331;K;V;98,02700
2023.01.06 23:00:00;39X60TIGAZ00000B;39N112638045000P;K36950800005883;9,303;K;V;97,73300
2023.01.07 00:00:00;39X60TIGAZ00000B;39N112638045000P;K36950800005883;18,700;K;V;196,45300
2023.01.07 01:00:00;39X60TIGAZ00000B;39N112638045000P;K36950800005883;9,338;K;V;98,10000
2023.01.07 02:00:00;39X60TIGAZ00000B;39N112638045000P;K36950800005883;9,369;K;V;98,42600
2023.01.07 03:00:00;39X60TIGAZ00000B;39N112638045000P;K36950800005883;9,330;K;V;98,01600
2023.01.07 04:00:00;39X60TIGAZ00000B;39N112638045000P;K36950800005883;9,297;K;V;97,67000
2023.01.07 05:00:00;39X60TIGAZ00000B;39N112638045000P;K36950800005883;18,643;K;V;195,85400
2023.01.06 06:00:00;39X60TIGAZ00000B;39N112640540000X;K1R421677035270;15,755;K;V;165,30100
2023.01.06 07:00:00;39X60TIGAZ00000B;39N112640540000X;K1R421677035270;24,849;K;V;260,71500
2023.01.06 08:00:00;39X60TIGAZ00000B;39N112640540000X;K1R421677035270;23,791;K;V;249,61500
2023.01.06 09:00:00;39X60TIGAZ00000B;39N112640540000X;K1R421677035270;22,417;K;V;235,19900
2023.01.06 10:00:00;39X60TIGAZ00000B;39N112640540000X;K1R421677035270;16,918;K;V;177,50300
2023.01.06 11:00:00;39X60TIGAZ00000B;39N112640540000X;K1R421677035270;11,737;K;V;123,14400
2023.01.06 12:00:00;39X60TIGAZ00000B;39N112640540000X;K1R421677035270;11,314;K;V;118,70600
2023.01.06 13:00:00;39X60TIGAZ00000B;39N112640540000X;K1R421677035270;11,949;K;V;125,36900
2023.01.06 14:00:00;39X60TIGAZ00000B;39N112640540000X;K1R421677035270;12,371;K;V;129,79600
2023.01.06 15:00:00;39X60TIGAZ00000B;39N112640540000X;K1R421677035270;10,574;K;V;110,94200
2023.01.06 16:00:00;39X60TIGAZ00000B;39N112640540000X;K1R421677035270;12,477;K;V;130,90800
2023.01.06 17:00:00;39X60TIGAZ00000B;39N112640540000X;K1R421677035270;13,429;K;V;140,89700
2023.01.06 18:00:00;39X60TIGAZ00000B;39N112640540000X;K1R421677035270;13,006;K;V;136,45900
2023.01.06 19:00:00;39X60TIGAZ00000B;39N112640540000X;K1R421677035270;13,852;K;V;145,33500
2023.01.06 20:00:00;39X60TIGAZ00000B;39N112640540000X;K1R421677035270;17,235;K;V;180,82900
2023.01.06 21:00:00;39X60TIGAZ00000B;39N112640540000X;K1R421677035270;15,121;K;V;158,64900
2023.01.06 22:00:00;39X60TIGAZ00000B;39N112640540000X;K1R421677035270;8,565;K;V;89,86400
2023.01.06 23:00:00;39X60TIGAZ00000B;39N112640540000X;K1R421677035270;3,066;K;V;32,16800
2023.01.07 00:00:00;39X60TIGAZ00000B;39N112640540000X;K1R421677035270;3,059;K;V;32,09500
2023.01.07 01:00:00;39X60TIGAZ00000B;39N112640540000X;K1R421677035270;9,068;K;V;95,14100
2023.01.07 02:00:00;39X60TIGAZ00000B;39N112640540000X;K1R421677035270;9,396;K;V;98,58300
2023.01.07 03:00:00;39X60TIGAZ00000B;39N112640540000X;K1R421677035270;7,757;K;V;81,38600
2023.01.07 04:00:00;39X60TIGAZ00000B;39N112640540000X;K1R421677035270;8,850;K;V;92,85400
2023.01.07 05:00:00;39X60TIGAZ00000B;39N112640540000X;K1R421677035270;11,363;K;V;119,22000
2023.01.06 06:00:00;39X60TIGAZ00000B;39N112645119000V;K26110829501014;13,495;K;V;141,58900
2023.01.06 07:00:00;39X60TIGAZ00000B;39N112645119000V;K26110829501014;13,284;K;V;139,37600
2023.01.06 08:00:00;39X60TIGAZ00000B;39N112645119000V;K26110829501014;13,179;K;V;138,27400
2023.01.06 09:00:00;39X60TIGAZ00000B;39N112645119000V;K26110829501014;12,546;K;V;131,63200
2023.01.06 10:00:00;39X60TIGAZ00000B;39N112645119000V;K26110829501014;12,336;K;V;129,42900
2023.01.06 11:00:00;39X60TIGAZ00000B;39N112645119000V;K26110829501014;12,441;K;V;130,53100
2023.01.06 12:00:00;39X60TIGAZ00000B;39N112645119000V;K26110829501014;12,546;K;V;131,63200
2023.01.06 13:00:00;39X60TIGAZ00000B;39N112645119000V;K26110829501014;12,441;K;V;130,53100
2023.01.06 14:00:00;39X60TIGAZ00000B;39N112645119000V;K26110829501014;12,441;K;V;130,53100
2023.01.06 15:00:00;39X60TIGAZ00000B;39N112645119000V;K26110829501014;12,441;K;V;130,53100
2023.01.06 16:00:00;39X60TIGAZ00000B;39N112645119000V;K26110829501014;12,546;K;V;131,63200
2023.01.06 17:00:00;39X60TIGAZ00000B;39N112645119000V;K26110829501014;12,441;K;V;130,53100
2023.01.06 18:00:00;39X60TIGAZ00000B;39N112645119000V;K26110829501014;13,284;K;V;139,37600
2023.01.06 19:00:00;39X60TIGAZ00000B;39N112645119000V;K26110829501014;12,441;K;V;130,53100
2023.01.06 20:00:00;39X60TIGAZ00000B;39N112645119000V;K26110829501014;12,546;K;V;131,63200
2023.01.06 21:00:00;39X60TIGAZ00000B;39N112645119000V;K26110829501014;12,441;K;V;130,53100
2023.01.06 22:00:00;39X60TIGAZ00000B;39N112645119000V;K26110829501014;12,441;K;V;130,53100
2023.01.06 23:00:00;39X60TIGAZ00000B;39N112645119000V;K26110829501014;12,652;K;V;132,74500
2023.01.07 00:00:00;39X60TIGAZ00000B;39N112645119000V;K26110829501014;12,743;K;V;133,69900
2023.01.07 01:00:00;39X60TIGAZ00000B;39N112645119000V;K26110829501014;12,416;K;V;130,26800
2023.01.07 02:00:00;39X60TIGAZ00000B;39N112645119000V;K26110829501014;13,287;K;V;139,40700
2023.01.07 03:00:00;39X60TIGAZ00000B;39N112645119000V;K26110829501014;13,723;K;V;143,98100
2023.01.07 04:00:00;39X60TIGAZ00000B;39N112645119000V;K26110829501014;13,614;K;V;142,83800
2023.01.07 05:00:00;39X60TIGAZ00000B;39N112645119000V;K26110829501014;13,941;K;V;146,26900
2023.01.06 06:00:00;39X60TIGAZ00000B;39N112645119000V;K15081401302153;38,237;K;V;401,18200
2023.01.06 07:00:00;39X60TIGAZ00000B;39N112645119000V;K15081401302153;31,357;K;V;328,99700
2023.01.06 08:00:00;39X60TIGAZ00000B;39N112645119000V;K15081401302153;35,756;K;V;375,15100
2023.01.06 09:00:00;39X60TIGAZ00000B;39N112645119000V;K15081401302153;21,092;K;V;221,29700
2023.01.06 10:00:00;39X60TIGAZ00000B;39N112645119000V;K15081401302153;27,409;K;V;287,57500
2023.01.06 11:00:00;39X60TIGAZ00000B;39N112645119000V;K15081401302153;20,754;K;V;217,75100
2023.01.06 12:00:00;39X60TIGAZ00000B;39N112645119000V;K15081401302153;27,071;K;V;284,02800
2023.01.06 13:00:00;39X60TIGAZ00000B;39N112645119000V;K15081401302153;22,559;K;V;236,68900
2023.01.06 14:00:00;39X60TIGAZ00000B;39N112645119000V;K15081401302153;25,943;K;V;272,19400
2023.01.06 15:00:00;39X60TIGAZ00000B;39N112645119000V;K15081401302153;31,131;K;V;326,62600
2023.01.06 16:00:00;39X60TIGAZ00000B;39N112645119000V;K15081401302153;30,680;K;V;321,89400
2023.01.06 17:00:00;39X60TIGAZ00000B;39N112645119000V;K15081401302153;29,552;K;V;310,05900
2023.01.06 18:00:00;39X60TIGAZ00000B;39N112645119000V;K15081401302153;27,860;K;V;292,30700
2023.01.06 19:00:00;39X60TIGAZ00000B;39N112645119000V;K15081401302153;23,799;K;V;249,69900
2023.01.06 20:00:00;39X60TIGAZ00000B;39N112645119000V;K15081401302153;28,762;K;V;301,77000
2023.01.06 21:00:00;39X60TIGAZ00000B;39N112645119000V;K15081401302153;31,357;K;V;328,99700
2023.01.06 22:00:00;39X60TIGAZ00000B;39N112645119000V;K15081401302153;31,018;K;V;325,44000
2023.01.06 23:00:00;39X60TIGAZ00000B;39N112645119000V;K15081401302153;33,951;K;V;356,21300
2023.01.07 00:00:00;39X60TIGAZ00000B;39N112645119000V;K15081401302153;32,157;K;V;337,39100
2023.01.07 01:00:00;39X60TIGAZ00000B;39N112645119000V;K15081401302153;37,516;K;V;393,61700
2023.01.07 02:00:00;39X60TIGAZ00000B;39N112645119000V;K15081401302153;36,584;K;V;383,83900
2023.01.07 03:00:00;39X60TIGAZ00000B;39N112645119000V;K15081401302153;36,235;K;V;380,17700
2023.01.07 04:00:00;39X60TIGAZ00000B;39N112645119000V;K15081401302153;36,002;K;V;377,73200
2023.01.07 05:00:00;39X60TIGAZ00000B;39N112645119000V;K15081401302153;36,002;K;V;377,73200
2023.01.06 06:00:00;39X60TIGAZ00000B;39N1126451430006;K36950600006532;713,920;K;V;7662,38400
2023.01.06 07:00:00;39X60TIGAZ00000B;39N1126451430006;K36950600006532;775,680;K;V;8325,24300
2023.01.06 08:00:00;39X60TIGAZ00000B;39N1126451430006;K36950600006532;676,430;K;V;7260,01000
2023.01.06 09:00:00;39X60TIGAZ00000B;39N1126451430006;K36950600006532;653,680;K;V;7015,83800
2023.01.06 10:00:00;39X60TIGAZ00000B;39N1126451430006;K36950600006532;593,059;K;V;6365,20300
2023.01.06 11:00:00;39X60TIGAZ00000B;39N1126451430006;K36950600006532;569,779;K;V;6115,34200
2023.01.06 12:00:00;39X60TIGAZ00000B;39N1126451430006;K36950600006532;629,870;K;V;6760,28900
2023.01.06 13:00:00;39X60TIGAZ00000B;39N1126451430006;K36950600006532;590,630;K;V;6339,13300
2023.01.06 14:00:00;39X60TIGAZ00000B;39N1126451430006;K36950600006532;550,800;K;V;5911,64400
2023.01.06 15:00:00;39X60TIGAZ00000B;39N1126451430006;K36950600006532;571,530;K;V;6134,13600
2023.01.06 16:00:00;39X60TIGAZ00000B;39N1126451430006;K36950600006532;553,260;K;V;5938,04700
2023.01.06 17:00:00;39X60TIGAZ00000B;39N1126451430006;K36950600006532;594,600;K;V;6381,74200
2023.01.06 18:00:00;39X60TIGAZ00000B;39N1126451430006;K36950600006532;595,750;K;V;6394,08500
2023.01.06 19:00:00;39X60TIGAZ00000B;39N1126451430006;K36950600006532;674,650;K;V;7240,90500
2023.01.06 20:00:00;39X60TIGAZ00000B;39N1126451430006;K36950600006532;675,440;K;V;7249,38400
2023.01.06 21:00:00;39X60TIGAZ00000B;39N1126451430006;K36950600006532;715,820;K;V;7682,77600
2023.01.06 22:00:00;39X60TIGAZ00000B;39N1126451430006;K36950600006532;696,400;K;V;7474,34400
2023.01.06 23:00:00;39X60TIGAZ00000B;39N1126451430006;K36950600006532;655,710;K;V;7037,62500
2023.01.07 00:00:00;39X60TIGAZ00000B;39N1126451430006;K36950600006532;615,440;K;V;6605,41400
2023.01.07 01:00:00;39X60TIGAZ00000B;39N1126451430006;K36950600006532;655,290;K;V;7033,11800
2023.01.07 02:00:00;39X60TIGAZ00000B;39N1126451430006;K36950600006532;635,280;K;V;6818,35400
2023.01.07 03:00:00;39X60TIGAZ00000B;39N1126451430006;K36950600006532;675,030;K;V;7244,98400
2023.01.07 04:00:00;39X60TIGAZ00000B;39N1126451430006;K36950600006532;675,240;K;V;7247,23800
2023.01.07 05:00:00;39X60TIGAZ00000B;39N1126451430006;K36950600006532;715,670;K;V;7681,16600
2023.01.06 06:00:00;39X60TIGAZ00000B;39N1126678670002;K26950700000841;53,765;K;V;579,64500
2023.01.06 07:00:00;39X60TIGAZ00000B;39N1126678670002;K26950700000841;42,567;K;V;458,91800
2023.01.06 08:00:00;39X60TIGAZ00000B;39N1126678670002;K26950700000841;38,826;K;V;418,58600
2023.01.06 09:00:00;39X60TIGAZ00000B;39N1126678670002;K26950700000841;42,396;K;V;457,07500
2023.01.06 10:00:00;39X60TIGAZ00000B;39N1126678670002;K26950700000841;55,950;K;V;603,20200
2023.01.06 11:00:00;39X60TIGAZ00000B;39N1126678670002;K26950700000841;50,247;K;V;541,71700
2023.01.06 12:00:00;39X60TIGAZ00000B;39N1126678670002;K26950700000841;37,435;K;V;403,59000
2023.01.06 13:00:00;39X60TIGAZ00000B;39N1126678670002;K26950700000841;42,882;K;V;462,31400
2023.01.06 14:00:00;39X60TIGAZ00000B;39N1126678670002;K26950700000841;38,440;K;V;414,42500
2023.01.06 15:00:00;39X60TIGAZ00000B;39N1126678670002;K26950700000841;42,093;K;V;453,80800
2023.01.06 16:00:00;39X60TIGAZ00000B;39N1126678670002;K26950700000841;47,699;K;V;514,24700
2023.01.06 17:00:00;39X60TIGAZ00000B;39N1126678670002;K26950700000841;42,286;K;V;455,88900
2023.01.06 18:00:00;39X60TIGAZ00000B;39N1126678670002;K26950700000841;49,690;K;V;535,71200
2023.01.06 19:00:00;39X60TIGAZ00000B;39N1126678670002;K26950700000841;53,335;K;V;575,00900
2023.01.06 20:00:00;39X60TIGAZ00000B;39N1126678670002;K26950700000841;44,252;K;V;477,08400
2023.01.06 21:00:00;39X60TIGAZ00000B;39N1126678670002;K26950700000841;50,773;K;V;547,38800
2023.01.06 22:00:00;39X60TIGAZ00000B;39N1126678670002;K26950700000841;49,902;K;V;537,99800
2023.01.06 23:00:00;39X60TIGAZ00000B;39N1126678670002;K26950700000841;51,780;K;V;558,24400
2023.01.07 00:00:00;39X60TIGAZ00000B;39N1126678670002;K26950700000841;42,559;K;V;458,83200
2023.01.07 01:00:00;39X60TIGAZ00000B;39N1126678670002;K26950700000841;57,373;K;V;618,54300
2023.01.07 02:00:00;39X60TIGAZ00000B;39N1126678670002;K26950700000841;45,385;K;V;489,29900
2023.01.07 03:00:00;39X60TIGAZ00000B;39N1126678670002;K26950700000841;56,412;K;V;608,18200
2023.01.07 04:00:00;39X60TIGAZ00000B;39N1126678670002;K26950700000841;42,544;K;V;458,67000
2023.01.07 05:00:00;39X60TIGAZ00000B;39N1126678670002;K26950700000841;32,412;K;V;349,43600
2023.01.06 06:00:00;39X60TIGAZ00000B;39N1126701640002;K15061201054779;3,952;K;V;42,07200
2023.01.06 07:00:00;39X60TIGAZ00000B;39N1126701640002;K15061201054779;5,646;K;V;60,10500
2023.01.06 08:00:00;39X60TIGAZ00000B;39N1126701640002;K15061201054779;5,194;K;V;55,29300
2023.01.06 09:00:00;39X60TIGAZ00000B;39N1126701640002;K15061201054779;5,082;K;V;54,10100
2023.01.06 10:00:00;39X60TIGAZ00000B;39N1126701640002;K15061201054779;4,065;K;V;43,27500
2023.01.06 11:00:00;39X60TIGAZ00000B;39N1126701640002;K15061201054779;4,291;K;V;45,68000
2023.01.06 12:00:00;39X60TIGAZ00000B;39N1126701640002;K15061201054779;4,291;K;V;45,68000
2023.01.06 13:00:00;39X60TIGAZ00000B;39N1126701640002;K15061201054779;4,178;K;V;44,47700
2023.01.06 14:00:00;39X60TIGAZ00000B;39N1126701640002;K15061201054779;4,065;K;V;43,27500
2023.01.06 15:00:00;39X60TIGAZ00000B;39N1126701640002;K15061201054779;4,178;K;V;44,47700
2023.01.06 16:00:00;39X60TIGAZ00000B;39N1126701640002;K15061201054779;2,710;K;V;28,85000
2023.01.06 17:00:00;39X60TIGAZ00000B;39N1126701640002;K15061201054779;2,710;K;V;28,85000
2023.01.06 18:00:00;39X60TIGAZ00000B;39N1126701640002;K15061201054779;2,146;K;V;22,84600
2023.01.06 19:00:00;39X60TIGAZ00000B;39N1126701640002;K15061201054779;2,146;K;V;22,84600
2023.01.06 20:00:00;39X60TIGAZ00000B;39N1126701640002;K15061201054779;1,920;K;V;20,44000
2023.01.06 21:00:00;39X60TIGAZ00000B;39N1126701640002;K15061201054779;0,000;K;V;0,00000
2023.01.06 22:00:00;39X60TIGAZ00000B;39N1126701640002;K15061201054779;0,000;K;V;0,00000
2023.01.06 23:00:00;39X60TIGAZ00000B;39N1126701640002;K15061201054779;0,000;K;V;0,00000
2023.01.07 00:00:00;39X60TIGAZ00000B;39N1126701640002;K15061201054779;0,000;K;V;0,00000
2023.01.07 01:00:00;39X60TIGAZ00000B;39N1126701640002;K15061201054779;0,000;K;V;0,00000
2023.01.07 02:00:00;39X60TIGAZ00000B;39N1126701640002;K15061201054779;0,117;K;V;1,24600
2023.01.07 03:00:00;39X60TIGAZ00000B;39N1126701640002;K15061201054779;7,703;K;V;82,00300
2023.01.07 04:00:00;39X60TIGAZ00000B;39N1126701640002;K15061201054779;2,801;K;V;29,81800
2023.01.07 05:00:00;39X60TIGAZ00000B;39N1126701640002;K15061201054779;2,451;K;V;26,09200